2025-11-27 19:49:00,381 - Knowledge - INFO - Created shared MongoDB connection pool
2025-11-27 19:49:00,381 - Knowledge - INFO - Starting Knowledge Graph processing with 20 threads
2025-11-27 19:49:00,381 - Knowledge - INFO - Initial configuration: chunk_size=65536, max_cache_size=500
2025-11-27 19:49:00,381 - Knowledge - INFO - Knowledge Graph concurrency configuration: workers=20, max_batch_size=25, max_concurrent_llm_calls=50
2025-11-27 19:49:01,422 - Knowledge - INFO - 🔍 _load_persisted_knowledge called - checking for Redis optimization
2025-11-27 19:49:01,422 - Knowledge - WARNING - ❌ load_from_redis method not found - Redis support not attached
2025-11-27 19:49:01,423 - Knowledge - INFO - load persisted knowledge: begin
2025-11-27 19:49:01,423 - Knowledge - INFO - Loaded 0 files from persisted knowledge
2025-11-27 19:49:01,424 - Knowledge - INFO - load persisted knowledge: end
2025-11-27 19:49:01,424 - Knowledge - WARNING - No persisted knowledge found. Files will be queued during start()
2025-11-27 19:49:01,425 - Knowledge - INFO - Redis support added with prefix knowledge:b7315ij:
2025-11-27 19:49:01,454 - Knowledge - INFO - Starting knowledge initialization for ID: KR9S25-b7315ij
2025-11-27 19:49:01,454 - Knowledge - INFO - 🔍 Checking Redis for build_id: b7315ij
2025-11-27 19:49:01,454 - Knowledge - INFO - 🔍 Full session ID: KR9S25-b7315ij
2025-11-27 19:49:01,454 - Knowledge - INFO - 🔍 Redis prefix will be: knowledge:b7315ij:
2025-11-27 19:49:01,454 - Knowledge - INFO - 🔍 Using attached load_from_redis() method
2025-11-27 19:49:01,455 - Knowledge - INFO - 🔍 Attempting to load knowledge from Redis...
2025-11-27 19:49:01,455 - Knowledge - INFO - 🔍 Using derived instance_id for Redis lookup: b7315ij
2025-11-27 19:49:01,462 - Knowledge - WARNING - ❌ No Redis cache found
2025-11-27 19:49:01,467 - Knowledge - INFO - 📁 Loading knowledge from disk...
2025-11-27 19:49:01,473 - Knowledge - INFO - load persisted docinfo: begin
2025-11-27 19:49:01,473 - Knowledge - INFO - load persisted docinfo: end
2025-11-27 19:49:01,473 - Knowledge - INFO - 🔍 _load_persisted_knowledge called - checking for Redis optimization
2025-11-27 19:49:01,474 - Knowledge - INFO - ✅ load_from_redis method found - attempting Redis load
2025-11-27 19:49:01,474 - Knowledge - INFO - 🔍 Attempting to load knowledge from Redis...
2025-11-27 19:49:01,475 - Knowledge - INFO - 🔍 Using derived instance_id for Redis lookup: b7315ij
2025-11-27 19:49:01,481 - Knowledge - WARNING - ❌ No Redis cache found
2025-11-27 19:49:01,481 - Knowledge - INFO - ❌ Redis load returned False - falling back to file loading
2025-11-27 19:49:01,481 - Knowledge - INFO - load persisted knowledge: begin
2025-11-27 19:49:01,482 - Knowledge - INFO - Loaded 0 files from persisted knowledge
2025-11-27 19:49:01,482 - Knowledge - INFO - load persisted knowledge: end
2025-11-27 19:49:01,482 - Knowledge - INFO - 📁 Disk load complete in 0.01s
2025-11-27 19:49:01,482 - Knowledge - INFO - Populating ingest queue with source files...
2025-11-27 19:49:01,517 - Knowledge - INFO - Added 343 files from /home/kathan/Kathan/Kavia_AI/New_Clone/graphnode-backend-api/data/b2c/12517/b7315ij/entservices-apis-12517 to ingest queue
2025-11-27 19:49:01,518 - Knowledge - INFO - Worker kw1 created using shared MongoDB connection pool
2025-11-27 19:49:01,519 - Knowledge - INFO - knowledge worker kw1 start
2025-11-27 19:49:01,519 - Knowledge - INFO - Worker kw2 created using shared MongoDB connection pool
2025-11-27 19:49:01,520 - Knowledge - INFO - knowledge worker kw2 start
2025-11-27 19:49:01,520 - Knowledge - INFO - Worker kw3 created using shared MongoDB connection pool
2025-11-27 19:49:01,520 - Knowledge - INFO - [kw1] Queue=343, InProgress=0, PendingWorkers=0/2, Completed=0/343 (0.0%)
2025-11-27 19:49:01,521 - Knowledge - INFO - [kw2] Queue=343, InProgress=0, PendingWorkers=0/2, Completed=0/343 (0.0%)
2025-11-27 19:49:01,521 - Knowledge - INFO - Batch sizing: calculated=15, max_allowed=25, queue=343, active_workers=0/2
2025-11-27 19:49:01,522 - Knowledge - INFO - Batch sizing: calculated=15, max_allowed=25, queue=343, active_workers=0/2
2025-11-27 19:49:01,522 - Knowledge - INFO - knowledge worker kw3 start
2025-11-27 19:49:01,523 - Knowledge - INFO - Worker kw4 created using shared MongoDB connection pool
2025-11-27 19:49:01,523 - Knowledge - INFO - Worker kw1 processing /home/kathan/Kathan/Kavia_AI/New_Clone/graphnode-backend-api/data/b2c/12517/b7315ij/entservices-apis-12517/apis/HomeKitTV/HomeKitTV.json
2025-11-27 19:49:01,523 - Knowledge - INFO - Worker kw2 processing /home/kathan/Kathan/Kavia_AI/New_Clone/graphnode-backend-api/data/b2c/12517/b7315ij/entservices-apis-12517/apis/HdmiCecSource/IHdmiCecSource.h
2025-11-27 19:49:01,524 - Knowledge - INFO - knowledge worker kw4 start
2025-11-27 19:49:01,524 - Knowledge - INFO - [kw3] Queue=313, InProgress=0, PendingWorkers=2/3, Completed=0/343 (0.0%)
2025-11-27 19:49:01,525 - Knowledge - INFO - Worker kw5 created using shared MongoDB connection pool
2025-11-27 19:49:01,525 - Knowledge - INFO - Fast-tracked /home/kathan/Kathan/Kavia_AI/New_Clone/graphnode-backend-api/data/b2c/12517/b7315ij/entservices-apis-12517/apis/HomeKitTV/HomeKitTV.json (ext=.json, size=9145)
2025-11-27 19:49:01,526 - Knowledge - INFO - Batch sizing: calculated=15, max_allowed=25, queue=313, active_workers=2/4
2025-11-27 19:49:01,526 - Knowledge - INFO - [kw4] Queue=313, InProgress=0, PendingWorkers=2/4, Completed=0/343 (0.0%)
2025-11-27 19:49:01,528 - Knowledge - INFO - Worker kw3 processing /home/kathan/Kathan/Kavia_AI/New_Clone/graphnode-backend-api/data/b2c/12517/b7315ij/entservices-apis-12517/apis/MessageControl/IMessageControl.h
2025-11-27 19:49:01,532 - Knowledge - INFO - Fast-tracked /home/kathan/Kathan/Kavia_AI/New_Clone/graphnode-backend-api/data/b2c/12517/b7315ij/entservices-apis-12517/apis/MessageControl/IMessageControl.h (small file (2289 bytes))
2025-11-27 19:49:01,532 - Knowledge - INFO - knowledge worker kw5 start
2025-11-27 19:49:01,534 - Knowledge - INFO - Worker kw6 created using shared MongoDB connection pool
2025-11-27 19:49:01,534 - Knowledge - INFO - Batch sizing: calculated=15, max_allowed=25, queue=313, active_workers=3/5
2025-11-27 19:49:01,541 - Knowledge - INFO - Worker kw2 processing /home/kathan/Kathan/Kavia_AI/New_Clone/graphnode-backend-api/data/b2c/12517/b7315ij/entservices-apis-12517/apis/DownloadManager/IDownloadManager.h
2025-11-27 19:49:01,552 - Knowledge - INFO - Worker kw1 processing /home/kathan/Kathan/Kavia_AI/New_Clone/graphnode-backend-api/data/b2c/12517/b7315ij/entservices-apis-12517/apis/HomeKitTV/IHomeKitTV.h
2025-11-27 19:49:01,552 - Knowledge - INFO - Worker kw3 processing /home/kathan/Kathan/Kavia_AI/New_Clone/graphnode-backend-api/data/b2c/12517/b7315ij/entservices-apis-12517/apis/Packager/IPackager.h
2025-11-27 19:49:01,559 - Knowledge - INFO - [kw5] Queue=298, InProgress=0, PendingWorkers=3/5, Completed=0/343 (0.0%)
2025-11-27 19:49:01,561 - Knowledge - INFO - knowledge worker kw6 start
2025-11-27 19:49:01,561 - Knowledge - INFO - Worker kw4 processing /home/kathan/Kathan/Kavia_AI/New_Clone/graphnode-backend-api/data/b2c/12517/b7315ij/entservices-apis-12517/apis/FrameRate/IFrameRate.h
2025-11-27 19:49:01,561 - Knowledge - INFO - Worker kw7 created using shared MongoDB connection pool
2025-11-27 19:49:01,566 - Knowledge - INFO - Fast-tracked /home/kathan/Kathan/Kavia_AI/New_Clone/graphnode-backend-api/data/b2c/12517/b7315ij/entservices-apis-12517/apis/HomeKitTV/IHomeKitTV.h (small file (2586 bytes))
2025-11-27 19:49:01,567 - Knowledge - INFO - Worker kw2 processing /home/kathan/Kathan/Kavia_AI/New_Clone/graphnode-backend-api/data/b2c/12517/b7315ij/entservices-apis-12517/apis/RDKWindowManager/IRDKWindowManager.h
2025-11-27 19:49:01,568 - Knowledge - INFO - Batch sizing: calculated=15, max_allowed=25, queue=298, active_workers=4/6
2025-11-27 19:49:01,570 - Knowledge - INFO - Worker kw1 processing /home/kathan/Kathan/Kavia_AI/New_Clone/graphnode-backend-api/data/b2c/12517/b7315ij/entservices-apis-12517/apis/SystemMode/ISystemMode.h
2025-11-27 19:49:01,570 - Knowledge - INFO - knowledge worker kw7 start
2025-11-27 19:49:01,570 - Knowledge - INFO - Worker kw8 created using shared MongoDB connection pool
2025-11-27 19:49:01,571 - Knowledge - INFO - Worker kw5 processing /home/kathan/Kathan/Kavia_AI/New_Clone/graphnode-backend-api/data/b2c/12517/b7315ij/entservices-apis-12517/apis/MiracastPlayer/IMiracastPlayer.h
2025-11-27 19:49:01,572 - Knowledge - INFO - knowledge worker kw8 start
2025-11-27 19:49:01,572 - Knowledge - INFO - Worker kw9 created using shared MongoDB connection pool
2025-11-27 19:49:01,573 - Knowledge - INFO - knowledge worker kw9 start
2025-11-27 19:49:01,574 - Knowledge - INFO - Worker kw10 created using shared MongoDB connection pool
2025-11-27 19:49:01,574 - Knowledge - INFO - knowledge worker kw10 start
2025-11-27 19:49:01,575 - Knowledge - INFO - Worker kw11 created using shared MongoDB connection pool
2025-11-27 19:49:01,576 - Knowledge - INFO - knowledge worker kw11 start
2025-11-27 19:49:01,576 - Knowledge - INFO - Worker kw12 created using shared MongoDB connection pool
2025-11-27 19:49:01,581 - Knowledge - INFO - [kw6] Queue=268, InProgress=0, PendingWorkers=5/11, Completed=0/343 (0.0%)
2025-11-27 19:49:01,582 - Knowledge - INFO - knowledge worker kw12 start
2025-11-27 19:49:01,584 - Knowledge - INFO - [kw8] Queue=268, InProgress=0, PendingWorkers=5/11, Completed=0/343 (0.0%)
2025-11-27 19:49:01,584 - Knowledge - INFO - [kw10] Queue=268, InProgress=0, PendingWorkers=5/11, Completed=0/343 (0.0%)
2025-11-27 19:49:01,587 - Knowledge - INFO - Worker kw5 processing /home/kathan/Kathan/Kavia_AI/New_Clone/graphnode-backend-api/data/b2c/12517/b7315ij/entservices-apis-12517/apis/USBDevice/IUSBDevice.h
2025-11-27 19:49:01,587 - Knowledge - INFO - Fast-tracked /home/kathan/Kathan/Kavia_AI/New_Clone/graphnode-backend-api/data/b2c/12517/b7315ij/entservices-apis-12517/apis/SystemMode/ISystemMode.h (small file (2943 bytes))
2025-11-27 19:49:01,588 - Knowledge - INFO - Worker kw13 created using shared MongoDB connection pool
2025-11-27 19:49:01,588 - Knowledge - INFO - [kw11] Queue=268, InProgress=0, PendingWorkers=5/12, Completed=0/343 (0.0%)
2025-11-27 19:49:01,589 - Knowledge - INFO - [kw7] Queue=268, InProgress=0, PendingWorkers=5/12, Completed=0/343 (0.0%)
2025-11-27 19:49:01,589 - Knowledge - INFO - [kw9] Queue=268, InProgress=0, PendingWorkers=5/12, Completed=0/343 (0.0%)
2025-11-27 19:49:01,589 - Knowledge - INFO - Batch sizing: calculated=15, max_allowed=25, queue=268, active_workers=5/12
2025-11-27 19:49:01,590 - Knowledge - INFO - Worker kw6 processing /home/kathan/Kathan/Kavia_AI/New_Clone/graphnode-backend-api/data/b2c/12517/b7315ij/entservices-apis-12517/apis/OpenCDMi/IOCDM.h
2025-11-27 19:49:01,591 - Knowledge - INFO - Fast-tracked /home/kathan/Kathan/Kavia_AI/New_Clone/graphnode-backend-api/data/b2c/12517/b7315ij/entservices-apis-12517/apis/Packager/IPackager.h (small file (2640 bytes))
2025-11-27 19:49:01,601 - Knowledge - INFO - Batch sizing: calculated=15, max_allowed=25, queue=268, active_workers=6/12
2025-11-27 19:49:01,602 - Knowledge - INFO - Worker kw10 processing /home/kathan/Kathan/Kavia_AI/New_Clone/graphnode-backend-api/data/b2c/12517/b7315ij/entservices-apis-12517/apis/USBMassStorage/IUSBMassStorage.h
2025-11-27 19:49:01,602 - Knowledge - INFO - Worker kw4 processing /home/kathan/Kathan/Kavia_AI/New_Clone/graphnode-backend-api/data/b2c/12517/b7315ij/entservices-apis-12517/apis/LEDControl/ILEDControl.h
2025-11-27 19:49:01,609 - Knowledge - INFO - Batch sizing: calculated=15, max_allowed=25, queue=268, active_workers=7/12
2025-11-27 19:49:01,613 - Knowledge - INFO - Worker kw11 processing /home/kathan/Kathan/Kavia_AI/New_Clone/graphnode-backend-api/data/b2c/12517/b7315ij/entservices-apis-12517/docs/apis/AmazonPrime.md
2025-11-27 19:49:01,621 - Knowledge - INFO - Worker kw2 processing /home/kathan/Kathan/Kavia_AI/New_Clone/graphnode-backend-api/data/b2c/12517/b7315ij/entservices-apis-12517/apis/RuntimeManager/IRuntimeManager.h
2025-11-27 19:49:01,640 - Knowledge - INFO - Batch sizing: calculated=15, max_allowed=25, queue=268, active_workers=8/12
2025-11-27 19:49:01,641 - Knowledge - INFO - knowledge worker kw13 start
2025-11-27 19:49:01,642 - Knowledge - INFO - Worker kw9 processing /home/kathan/Kathan/Kavia_AI/New_Clone/graphnode-backend-api/data/b2c/12517/b7315ij/entservices-apis-12517/docs/apis/SystemAudioPlayerPlugin.md
2025-11-27 19:49:01,642 - Knowledge - INFO - Worker kw14 created using shared MongoDB connection pool
2025-11-27 19:49:01,651 - Knowledge - INFO - Worker kw6 processing /home/kathan/Kathan/Kavia_AI/New_Clone/graphnode-backend-api/data/b2c/12517/b7315ij/entservices-apis-12517/apis/OpenCDMi/OCDM.json
2025-11-27 19:49:01,652 - Knowledge - INFO - Batch sizing: calculated=15, max_allowed=25, queue=268, active_workers=9/13
2025-11-27 19:49:01,657 - Knowledge - INFO - Worker kw8 processing /home/kathan/Kathan/Kavia_AI/New_Clone/graphnode-backend-api/data/b2c/12517/b7315ij/entservices-apis-12517/docs/apis/Warehouse.md
2025-11-27 19:49:01,664 - Knowledge - INFO - Worker kw10 processing /home/kathan/Kathan/Kavia_AI/New_Clone/graphnode-backend-api/data/b2c/12517/b7315ij/entservices-apis-12517/apis/PreinstallManager/IPreinstallManager.h
2025-11-27 19:49:01,665 - Knowledge - INFO - Fast-tracked /home/kathan/Kathan/Kavia_AI/New_Clone/graphnode-backend-api/data/b2c/12517/b7315ij/entservices-apis-12517/docs/apis/Warehouse.md (ext=.md, size=8874)
2025-11-27 19:49:01,673 - Knowledge - INFO - Worker kw5 processing /home/kathan/Kathan/Kavia_AI/New_Clone/graphnode-backend-api/data/b2c/12517/b7315ij/entservices-apis-12517/apis/WebKitBrowser/IApplication.h
2025-11-27 19:49:01,677 - Knowledge - INFO - Worker kw8 processing /home/kathan/Kathan/Kavia_AI/New_Clone/graphnode-backend-api/data/b2c/12517/b7315ij/entservices-apis-12517/docs/apis/FirmwareUpdate.md
2025-11-27 19:49:01,680 - Knowledge - INFO - Batch sizing: calculated=15, max_allowed=25, queue=268, active_workers=10/13
2025-11-27 19:49:01,686 - Knowledge - INFO - Worker kw7 processing /home/kathan/Kathan/Kavia_AI/New_Clone/graphnode-backend-api/data/b2c/12517/b7315ij/entservices-apis-12517/docs/apis/ResourceManagerPlugin.md
2025-11-27 19:49:01,686 - Knowledge - INFO - Fast-tracked /home/kathan/Kathan/Kavia_AI/New_Clone/graphnode-backend-api/data/b2c/12517/b7315ij/entservices-apis-12517/docs/apis/ResourceManagerPlugin.md (ext=.md, size=5184)
2025-11-27 19:49:01,687 - Knowledge - INFO - [kw12] Queue=178, InProgress=0, PendingWorkers=11/13, Completed=0/343 (0.0%)
2025-11-27 19:49:01,688 - Knowledge - INFO - [kw13] Queue=178, InProgress=0, PendingWorkers=11/13, Completed=0/343 (0.0%)
2025-11-27 19:49:01,689 - Knowledge - INFO - Fast-tracked /home/kathan/Kathan/Kavia_AI/New_Clone/graphnode-backend-api/data/b2c/12517/b7315ij/entservices-apis-12517/apis/OpenCDMi/OCDM.json (ext=.json, size=3221)
2025-11-27 19:49:01,689 - Knowledge - INFO - Worker kw6 processing /home/kathan/Kathan/Kavia_AI/New_Clone/graphnode-backend-api/data/b2c/12517/b7315ij/entservices-apis-12517/apis/OpenCDMi/IContentDecryption.h
2025-11-27 19:49:01,689 - Knowledge - INFO - knowledge worker kw14 start
2025-11-27 19:49:01,690 - Knowledge - INFO - Fast-tracked /home/kathan/Kathan/Kavia_AI/New_Clone/graphnode-backend-api/data/b2c/12517/b7315ij/entservices-apis-12517/apis/PreinstallManager/IPreinstallManager.h (small file (2088 bytes))
2025-11-27 19:49:01,692 - Knowledge - INFO - Worker kw15 created using shared MongoDB connection pool
2025-11-27 19:49:01,692 - Knowledge - INFO - Fast-tracked /home/kathan/Kathan/Kavia_AI/New_Clone/graphnode-backend-api/data/b2c/12517/b7315ij/entservices-apis-12517/docs/apis/SystemAudioPlayerPlugin.md (ext=.md, size=20195)
2025-11-27 19:49:01,698 - Knowledge - INFO - Worker kw1 processing /home/kathan/Kathan/Kavia_AI/New_Clone/graphnode-backend-api/data/b2c/12517/b7315ij/entservices-apis-12517/apis/SystemMode/IDeviceOptimizeStateActivator.h
2025-11-27 19:49:01,698 - Knowledge - INFO - Worker kw4 processing /home/kathan/Kathan/Kavia_AI/New_Clone/graphnode-backend-api/data/b2c/12517/b7315ij/entservices-apis-12517/apis/LifecycleManager/ILifecycleManager.h
2025-11-27 19:49:01,699 - Knowledge - INFO - Fast-tracked /home/kathan/Kathan/Kavia_AI/New_Clone/graphnode-backend-api/data/b2c/12517/b7315ij/entservices-apis-12517/docs/apis/AmazonPrime.md (ext=.md, size=6118)
2025-11-27 19:49:01,699 - Knowledge - INFO - Fast-tracked /home/kathan/Kathan/Kavia_AI/New_Clone/graphnode-backend-api/data/b2c/12517/b7315ij/entservices-apis-12517/apis/SystemMode/IDeviceOptimizeStateActivator.h (ext=.h, size=1334)
2025-11-27 19:49:01,701 - Knowledge - INFO - Worker kw7 processing /home/kathan/Kathan/Kavia_AI/New_Clone/graphnode-backend-api/data/b2c/12517/b7315ij/entservices-apis-12517/docs/apis/WebKitBrowser.md
2025-11-27 19:49:01,724 - Knowledge - INFO - Batch sizing: calculated=12, max_allowed=25, queue=178, active_workers=11/14
2025-11-27 19:49:01,724 - Knowledge - INFO - Worker kw12 processing /home/kathan/Kathan/Kavia_AI/New_Clone/graphnode-backend-api/data/b2c/12517/b7315ij/entservices-apis-12517/docs/apis_legacy/DeviceDiagnosticsPlugin.md
2025-11-27 19:49:01,726 - Knowledge - INFO - Fast-tracked /home/kathan/Kathan/Kavia_AI/New_Clone/graphnode-backend-api/data/b2c/12517/b7315ij/entservices-apis-12517/docs/apis_legacy/DeviceDiagnosticsPlugin.md (ext=.md, size=7498)
2025-11-27 19:49:01,729 - Knowledge - INFO - [kw14] Queue=166, InProgress=0, PendingWorkers=12/14, Completed=0/343 (0.0%)
2025-11-27 19:49:01,733 - Knowledge - INFO - knowledge worker kw15 start
2025-11-27 19:49:01,740 - Knowledge - INFO - Worker kw9 processing /home/kathan/Kathan/Kavia_AI/New_Clone/graphnode-backend-api/data/b2c/12517/b7315ij/entservices-apis-12517/docs/apis/Analytics.md
2025-11-27 19:49:01,740 - Knowledge - INFO - Fast-tracked /home/kathan/Kathan/Kavia_AI/New_Clone/graphnode-backend-api/data/b2c/12517/b7315ij/entservices-apis-12517/docs/apis/Analytics.md (ext=.md, size=3338)
2025-11-27 19:49:01,740 - Knowledge - INFO - Worker kw9 processing /home/kathan/Kathan/Kavia_AI/New_Clone/graphnode-backend-api/data/b2c/12517/b7315ij/entservices-apis-12517/docs/apis/AVInput.md
2025-11-27 19:49:01,741 - Knowledge - INFO - Worker kw16 created using shared MongoDB connection pool
2025-11-27 19:49:01,741 - Knowledge - INFO - Worker kw4 processing /home/kathan/Kathan/Kavia_AI/New_Clone/graphnode-backend-api/data/b2c/12517/b7315ij/entservices-apis-12517/apis/LifecycleManager/ILifecycleManagerState.h
2025-11-27 19:49:01,757 - Knowledge - INFO - Worker kw6 processing /home/kathan/Kathan/Kavia_AI/New_Clone/graphnode-backend-api/data/b2c/12517/b7315ij/entservices-apis-12517/apis/OpenCDMi/IDRM.h
2025-11-27 19:49:01,771 - Knowledge - INFO - Worker kw2 processing /home/kathan/Kathan/Kavia_AI/New_Clone/graphnode-backend-api/data/b2c/12517/b7315ij/entservices-apis-12517/apis/AppNotifications/IAppNotifications.h
2025-11-27 19:49:01,782 - Knowledge - INFO - Fast-tracked /home/kathan/Kathan/Kavia_AI/New_Clone/graphnode-backend-api/data/b2c/12517/b7315ij/entservices-apis-12517/docs/apis/FirmwareUpdate.md (ext=.md, size=6958)
2025-11-27 19:49:01,783 - Knowledge - INFO - Worker kw1 processing /home/kathan/Kathan/Kavia_AI/New_Clone/graphnode-backend-api/data/b2c/12517/b7315ij/entservices-apis-12517/apis/Portability.h
2025-11-27 19:49:01,786 - Knowledge - INFO - Worker kw3 processing /home/kathan/Kathan/Kavia_AI/New_Clone/graphnode-backend-api/data/b2c/12517/b7315ij/entservices-apis-12517/apis/Analytics/IAnalytics.h
2025-11-27 19:49:01,787 - Knowledge - INFO - Fast-tracked /home/kathan/Kathan/Kavia_AI/New_Clone/graphnode-backend-api/data/b2c/12517/b7315ij/entservices-apis-12517/apis/Analytics/IAnalytics.h (small file (2274 bytes))
2025-11-27 19:49:01,808 - Knowledge - INFO - Worker kw12 processing /home/kathan/Kathan/Kavia_AI/New_Clone/graphnode-backend-api/data/b2c/12517/b7315ij/entservices-apis-12517/docs/apis_legacy/USBDevicePlugin.md
2025-11-27 19:49:01,814 - Knowledge - INFO - Batch sizing: calculated=12, max_allowed=25, queue=166, active_workers=12/15
2025-11-27 19:49:01,815 - Knowledge - INFO - Worker kw14 processing /home/kathan/Kathan/Kavia_AI/New_Clone/graphnode-backend-api/data/b2c/12517/b7315ij/entservices-apis-12517/docs/apis_legacy/RDKShellPlugin.md
2025-11-27 19:49:01,820 - Knowledge - INFO - Worker kw5 processing /home/kathan/Kathan/Kavia_AI/New_Clone/graphnode-backend-api/data/b2c/12517/b7315ij/entservices-apis-12517/apis/WebKitBrowser/Browser.json
2025-11-27 19:49:01,836 - Knowledge - INFO - Worker kw1 processing /home/kathan/Kathan/Kavia_AI/New_Clone/graphnode-backend-api/data/b2c/12517/b7315ij/entservices-apis-12517/apis/NativeJS/INativeJS.h
2025-11-27 19:49:01,839 - Knowledge - INFO - Worker kw10 processing /home/kathan/Kathan/Kavia_AI/New_Clone/graphnode-backend-api/data/b2c/12517/b7315ij/entservices-apis-12517/apis/Warehouse/IWarehouse.h
2025-11-27 19:49:01,839 - Knowledge - INFO - Worker kw11 processing /home/kathan/Kathan/Kavia_AI/New_Clone/graphnode-backend-api/data/b2c/12517/b7315ij/entservices-apis-12517/docs/apis/DownloadManager.md
2025-11-27 19:49:01,841 - Knowledge - INFO - [kw15] Queue=154, InProgress=0, PendingWorkers=13/15, Completed=0/343 (0.0%)
2025-11-27 19:49:01,842 - Knowledge - INFO - knowledge worker kw16 start
2025-11-27 19:49:01,862 - Knowledge - INFO - Worker kw17 created using shared MongoDB connection pool
2025-11-27 19:49:01,863 - Knowledge - INFO - Worker kw8 processing /home/kathan/Kathan/Kavia_AI/New_Clone/graphnode-backend-api/data/b2c/12517/b7315ij/entservices-apis-12517/docs/apis/FrameRate.md
2025-11-27 19:49:01,870 - Knowledge - INFO - Worker kw4 processing /home/kathan/Kathan/Kavia_AI/New_Clone/graphnode-backend-api/data/b2c/12517/b7315ij/entservices-apis-12517/apis/XCast/IXCast.h
2025-11-27 19:49:01,877 - Knowledge - INFO - Fast-tracked /home/kathan/Kathan/Kavia_AI/New_Clone/graphnode-backend-api/data/b2c/12517/b7315ij/entservices-apis-12517/docs/apis/WebKitBrowser.md (ext=.md, size=30331)
2025-11-27 19:49:01,877 - Knowledge - INFO - Batch sizing: calculated=12, max_allowed=25, queue=178, active_workers=13/16
2025-11-27 19:49:01,878 - Knowledge - INFO - Worker kw3 processing /home/kathan/Kathan/Kavia_AI/New_Clone/graphnode-backend-api/data/b2c/12517/b7315ij/entservices-apis-12517/apis/HdmiCecSink/IHdmiCecSink.h
2025-11-27 19:49:01,879 - Knowledge - INFO - Fast-tracked /home/kathan/Kathan/Kavia_AI/New_Clone/graphnode-backend-api/data/b2c/12517/b7315ij/entservices-apis-12517/docs/apis_legacy/USBDevicePlugin.md (ext=.md, size=11748)
2025-11-27 19:49:01,880 - Knowledge - INFO - Fast-tracked /home/kathan/Kathan/Kavia_AI/New_Clone/graphnode-backend-api/data/b2c/12517/b7315ij/entservices-apis-12517/docs/apis/AVInput.md (ext=.md, size=32564)
2025-11-27 19:49:01,891 - Knowledge - INFO - Worker kw6 processing /home/kathan/Kathan/Kavia_AI/New_Clone/graphnode-backend-api/data/b2c/12517/b7315ij/entservices-apis-12517/apis/UserSettings/IUserSettings.h
2025-11-27 19:49:01,896 - Knowledge - INFO - Worker kw2 processing /home/kathan/Kathan/Kavia_AI/New_Clone/graphnode-backend-api/data/b2c/12517/b7315ij/entservices-apis-12517/apis/PersistentStore/PersistentStore.json
2025-11-27 19:49:01,897 - Knowledge - INFO - Fast-tracked /home/kathan/Kathan/Kavia_AI/New_Clone/graphnode-backend-api/data/b2c/12517/b7315ij/entservices-apis-12517/apis/WebKitBrowser/Browser.json (ext=.json, size=3094)
2025-11-27 19:49:01,897 - Knowledge - INFO - Fast-tracked /home/kathan/Kathan/Kavia_AI/New_Clone/graphnode-backend-api/data/b2c/12517/b7315ij/entservices-apis-12517/docs/apis_legacy/RDKShellPlugin.md (ext=.md, size=95488)
2025-11-27 19:49:01,900 - Knowledge - INFO - Fast-tracked /home/kathan/Kathan/Kavia_AI/New_Clone/graphnode-backend-api/data/b2c/12517/b7315ij/entservices-apis-12517/docs/apis/DownloadManager.md (ext=.md, size=11439)
2025-11-27 19:49:01,901 - Knowledge - INFO - Batch sizing: calculated=12, max_allowed=25, queue=154, active_workers=13/16
2025-11-27 19:49:01,902 - Knowledge - INFO - knowledge worker kw17 start
2025-11-27 19:49:01,902 - Knowledge - INFO - Fast-tracked /home/kathan/Kathan/Kavia_AI/New_Clone/graphnode-backend-api/data/b2c/12517/b7315ij/entservices-apis-12517/apis/NativeJS/INativeJS.h (small file (2629 bytes))
2025-11-27 19:49:01,903 - Knowledge - INFO - [kw16] Queue=154, InProgress=0, PendingWorkers=13/16, Completed=0/343 (0.0%)
2025-11-27 19:49:01,904 - Knowledge - INFO - Worker kw18 created using shared MongoDB connection pool
2025-11-27 19:49:01,907 - Knowledge - INFO - Worker kw10 processing /home/kathan/Kathan/Kavia_AI/New_Clone/graphnode-backend-api/data/b2c/12517/b7315ij/entservices-apis-12517/CHANGELOG.md
2025-11-27 19:49:01,907 - Knowledge - INFO - Fast-tracked /home/kathan/Kathan/Kavia_AI/New_Clone/graphnode-backend-api/data/b2c/12517/b7315ij/entservices-apis-12517/docs/apis/FrameRate.md (ext=.md, size=11074)
2025-11-27 19:49:01,918 - Knowledge - INFO - Worker kw7 processing /home/kathan/Kathan/Kavia_AI/New_Clone/graphnode-backend-api/data/b2c/12517/b7315ij/entservices-apis-12517/docs/apis/PerformanceMetricsPlugin.md
2025-11-27 19:49:01,923 - Knowledge - INFO - Worker kw13 processing /home/kathan/Kathan/Kavia_AI/New_Clone/graphnode-backend-api/data/b2c/12517/b7315ij/entservices-apis-12517/docs/apis_legacy/HdmiCecSourcePlugin.md
2025-11-27 19:49:01,924 - Knowledge - INFO - Fast-tracked /home/kathan/Kathan/Kavia_AI/New_Clone/graphnode-backend-api/data/b2c/12517/b7315ij/entservices-apis-12517/docs/apis_legacy/HdmiCecSourcePlugin.md (ext=.md, size=18396)
2025-11-27 19:49:01,925 - Knowledge - INFO - Worker kw13 processing /home/kathan/Kathan/Kavia_AI/New_Clone/graphnode-backend-api/data/b2c/12517/b7315ij/entservices-apis-12517/docs/apis_legacy/HdcpProfilePlugin.md
2025-11-27 19:49:01,927 - Knowledge - INFO - Worker kw9 processing /home/kathan/Kathan/Kavia_AI/New_Clone/graphnode-backend-api/data/b2c/12517/b7315ij/entservices-apis-12517/docs/apis/Telemetry.md
2025-11-27 19:49:01,935 - Knowledge - INFO - Worker kw4 processing /home/kathan/Kathan/Kavia_AI/New_Clone/graphnode-backend-api/data/b2c/12517/b7315ij/entservices-apis-12517/apis/TextTrack/ITextTrack.h
2025-11-27 19:49:01,936 - Knowledge - INFO - Fast-tracked /home/kathan/Kathan/Kavia_AI/New_Clone/graphnode-backend-api/data/b2c/12517/b7315ij/entservices-apis-12517/apis/PersistentStore/PersistentStore.json (ext=.json, size=10910)
2025-11-27 19:49:01,941 - Knowledge - INFO - Worker kw5 processing /home/kathan/Kathan/Kavia_AI/New_Clone/graphnode-backend-api/data/b2c/12517/b7315ij/entservices-apis-12517/apis/WebKitBrowser/IMemory.h
2025-11-27 19:49:01,944 - Knowledge - INFO - Worker kw6 processing /home/kathan/Kathan/Kavia_AI/New_Clone/graphnode-backend-api/data/b2c/12517/b7315ij/entservices-apis-12517/apis/FrontPanel/IFrontPanel.h
2025-11-27 19:49:01,950 - Knowledge - INFO - Worker kw14 processing /home/kathan/Kathan/Kavia_AI/New_Clone/graphnode-backend-api/data/b2c/12517/b7315ij/entservices-apis-12517/docs/apis_legacy/PlayerInfoPlugin.md
2025-11-27 19:49:01,953 - Knowledge - INFO - Worker kw11 processing /home/kathan/Kathan/Kavia_AI/New_Clone/graphnode-backend-api/data/b2c/12517/b7315ij/entservices-apis-12517/docs/apis/DeviceInfoPlugin.md
2025-11-27 19:49:01,964 - Knowledge - INFO - Worker kw15 processing /home/kathan/Kathan/Kavia_AI/New_Clone/graphnode-backend-api/data/b2c/12517/b7315ij/entservices-apis-12517/docs/apis_legacy/SystemModePlugin.md
2025-11-27 19:49:01,970 - Knowledge - INFO - [kw17] Queue=130, InProgress=0, PendingWorkers=15/17, Completed=0/343 (0.0%)
2025-11-27 19:49:01,970 - Knowledge - INFO - Worker kw1 processing /home/kathan/Kathan/Kavia_AI/New_Clone/graphnode-backend-api/data/b2c/12517/b7315ij/entservices-apis-12517/apis/DeviceInfo/IDeviceInfo.h
2025-11-27 19:49:01,972 - Knowledge - INFO - Batch sizing: calculated=12, max_allowed=25, queue=154, active_workers=15/17
2025-11-27 19:49:01,973 - Knowledge - INFO - knowledge worker kw18 start
2025-11-27 19:49:01,973 - Knowledge - INFO - Fast-tracked /home/kathan/Kathan/Kavia_AI/New_Clone/graphnode-backend-api/data/b2c/12517/b7315ij/entservices-apis-12517/CHANGELOG.md (ext=.md, size=77476)
2025-11-27 19:49:01,974 - Knowledge - INFO - Worker kw19 created using shared MongoDB connection pool
2025-11-27 19:49:01,975 - Knowledge - INFO - Worker kw8 processing /home/kathan/Kathan/Kavia_AI/New_Clone/graphnode-backend-api/data/b2c/12517/b7315ij/entservices-apis-12517/docs/apis/StorageManager.md
2025-11-27 19:49:01,975 - Knowledge - INFO - Fast-tracked /home/kathan/Kathan/Kavia_AI/New_Clone/graphnode-backend-api/data/b2c/12517/b7315ij/entservices-apis-12517/docs/apis/PerformanceMetricsPlugin.md (ext=.md, size=1236)
2025-11-27 19:49:01,984 - Knowledge - INFO - Worker kw12 processing /home/kathan/Kathan/Kavia_AI/New_Clone/graphnode-backend-api/data/b2c/12517/b7315ij/entservices-apis-12517/docs/apis_legacy/SystemPlugin.md
2025-11-27 19:49:01,990 - Knowledge - INFO - Fast-tracked /home/kathan/Kathan/Kavia_AI/New_Clone/graphnode-backend-api/data/b2c/12517/b7315ij/entservices-apis-12517/docs/apis_legacy/HdcpProfilePlugin.md (ext=.md, size=6445)
2025-11-27 19:49:01,990 - Knowledge - INFO - Fast-tracked /home/kathan/Kathan/Kavia_AI/New_Clone/graphnode-backend-api/data/b2c/12517/b7315ij/entservices-apis-12517/docs/apis/Telemetry.md (ext=.md, size=7967)
2025-11-27 19:49:01,992 - Knowledge - INFO - Worker kw2 processing /home/kathan/Kathan/Kavia_AI/New_Clone/graphnode-backend-api/data/b2c/12517/b7315ij/entservices-apis-12517/apis/PersistentStore/IStoreCache.h
2025-11-27 19:49:01,997 - Knowledge - INFO - Worker kw3 processing /home/kathan/Kathan/Kavia_AI/New_Clone/graphnode-backend-api/data/b2c/12517/b7315ij/entservices-apis-12517/apis/FirmwareUpdate/IFirmwareUpdate.h
2025-11-27 19:49:02,008 - Knowledge - INFO - Worker kw4 processing /home/kathan/Kathan/Kavia_AI/New_Clone/graphnode-backend-api/data/b2c/12517/b7315ij/entservices-apis-12517/apis/TelemetryMetrics/ITelemetryMetrics.h
2025-11-27 19:49:02,009 - Knowledge - INFO - Fast-tracked /home/kathan/Kathan/Kavia_AI/New_Clone/graphnode-backend-api/data/b2c/12517/b7315ij/entservices-apis-12517/apis/WebKitBrowser/IMemory.h (small file (2050 bytes))
2025-11-27 19:49:02,011 - Knowledge - INFO - Fast-tracked /home/kathan/Kathan/Kavia_AI/New_Clone/graphnode-backend-api/data/b2c/12517/b7315ij/entservices-apis-12517/docs/apis_legacy/PlayerInfoPlugin.md (ext=.md, size=9795)
2025-11-27 19:49:02,021 - Knowledge - INFO - Fast-tracked /home/kathan/Kathan/Kavia_AI/New_Clone/graphnode-backend-api/data/b2c/12517/b7315ij/entservices-apis-12517/docs/apis/DeviceInfoPlugin.md (ext=.md, size=22901)
2025-11-27 19:49:02,021 - Knowledge - INFO - Fast-tracked /home/kathan/Kathan/Kavia_AI/New_Clone/graphnode-backend-api/data/b2c/12517/b7315ij/entservices-apis-12517/docs/apis_legacy/SystemModePlugin.md (ext=.md, size=3366)
2025-11-27 19:49:02,025 - Knowledge - INFO - Worker kw6 processing /home/kathan/Kathan/Kavia_AI/New_Clone/graphnode-backend-api/data/b2c/12517/b7315ij/entservices-apis-12517/apis/Monitor/Monitor.json
2025-11-27 19:49:02,028 - Knowledge - INFO - Batch sizing: calculated=12, max_allowed=25, queue=130, active_workers=15/18
2025-11-27 19:49:02,037 - Knowledge - INFO - Worker kw16 processing /home/kathan/Kathan/Kavia_AI/New_Clone/graphnode-backend-api/data/b2c/12517/b7315ij/entservices-apis-12517/docs/apis_legacy/AnalyticsPlugin.md
2025-11-27 19:49:02,038 - Knowledge - INFO - [kw18] Queue=118, InProgress=0, PendingWorkers=16/18, Completed=0/343 (0.0%)
2025-11-27 19:49:02,039 - Knowledge - INFO - Worker kw10 processing /home/kathan/Kathan/Kavia_AI/New_Clone/graphnode-backend-api/data/b2c/12517/b7315ij/entservices-apis-12517/docs/homepage.md
2025-11-27 19:49:02,040 - Knowledge - INFO - knowledge worker kw19 start
2025-11-27 19:49:02,043 - Knowledge - INFO - Worker kw20 created using shared MongoDB connection pool
2025-11-27 19:49:02,043 - Knowledge - INFO - Worker kw7 processing /home/kathan/Kathan/Kavia_AI/New_Clone/graphnode-backend-api/data/b2c/12517/b7315ij/entservices-apis-12517/docs/apis/OCIContainer.md
2025-11-27 19:49:02,044 - Knowledge - INFO - Fast-tracked /home/kathan/Kathan/Kavia_AI/New_Clone/graphnode-backend-api/data/b2c/12517/b7315ij/entservices-apis-12517/docs/apis/StorageManager.md (ext=.md, size=3705)
2025-11-27 19:49:02,044 - Knowledge - INFO - Fast-tracked /home/kathan/Kathan/Kavia_AI/New_Clone/graphnode-backend-api/data/b2c/12517/b7315ij/entservices-apis-12517/docs/apis_legacy/SystemPlugin.md (ext=.md, size=92710)
2025-11-27 19:49:02,046 - Knowledge - INFO - Worker kw13 processing /home/kathan/Kathan/Kavia_AI/New_Clone/graphnode-backend-api/data/b2c/12517/b7315ij/entservices-apis-12517/docs/apis_legacy/WarehousePlugin.md
2025-11-27 19:49:02,051 - Knowledge - INFO - Worker kw1 processing /home/kathan/Kathan/Kavia_AI/New_Clone/graphnode-backend-api/data/b2c/12517/b7315ij/entservices-apis-12517/apis/DeviceInfo/IFirmwareVersion.h
2025-11-27 19:49:02,052 - Knowledge - INFO - Worker kw9 processing /home/kathan/Kathan/Kavia_AI/New_Clone/graphnode-backend-api/data/b2c/12517/b7315ij/entservices-apis-12517/docs/apis/DeviceDiagnostics.md
2025-11-27 19:49:02,055 - Knowledge - INFO - Fast-tracked /home/kathan/Kathan/Kavia_AI/New_Clone/graphnode-backend-api/data/b2c/12517/b7315ij/entservices-apis-12517/apis/PersistentStore/IStoreCache.h (ext=.h, size=995)
2025-11-27 19:49:02,055 - Knowledge - INFO - Fast-tracked /home/kathan/Kathan/Kavia_AI/New_Clone/graphnode-backend-api/data/b2c/12517/b7315ij/entservices-apis-12517/apis/TelemetryMetrics/ITelemetryMetrics.h (ext=.h, size=1794)
2025-11-27 19:49:02,056 - Knowledge - INFO - Worker kw5 processing /home/kathan/Kathan/Kavia_AI/New_Clone/graphnode-backend-api/data/b2c/12517/b7315ij/entservices-apis-12517/apis/WebKitBrowser/WebKitBrowser.json
2025-11-27 19:49:02,058 - Knowledge - INFO - Worker kw14 processing /home/kathan/Kathan/Kavia_AI/New_Clone/graphnode-backend-api/data/b2c/12517/b7315ij/entservices-apis-12517/docs/apis_legacy/MiracastPlayerPlugin.md
2025-11-27 19:49:02,058 - Knowledge - INFO - Worker kw11 processing /home/kathan/Kathan/Kavia_AI/New_Clone/graphnode-backend-api/data/b2c/12517/b7315ij/entservices-apis-12517/docs/apis/MonitorPlugin.md
2025-11-27 19:49:02,059 - Knowledge - INFO - Fast-tracked /home/kathan/Kathan/Kavia_AI/New_Clone/graphnode-backend-api/data/b2c/12517/b7315ij/entservices-apis-12517/apis/Monitor/Monitor.json (ext=.json, size=5729)
2025-11-27 19:49:02,059 - Knowledge - INFO - Worker kw6 processing /home/kathan/Kathan/Kavia_AI/New_Clone/graphnode-backend-api/data/b2c/12517/b7315ij/entservices-apis-12517/apis/Module.h
2025-11-27 19:49:02,061 - Knowledge - INFO - Fast-tracked /home/kathan/Kathan/Kavia_AI/New_Clone/graphnode-backend-api/data/b2c/12517/b7315ij/entservices-apis-12517/docs/apis_legacy/AnalyticsPlugin.md (ext=.md, size=4058)
2025-11-27 19:49:02,062 - Knowledge - INFO - Fast-tracked /home/kathan/Kathan/Kavia_AI/New_Clone/graphnode-backend-api/data/b2c/12517/b7315ij/entservices-apis-12517/docs/apis/MonitorPlugin.md (ext=.md, size=12022)
2025-11-27 19:49:02,067 - Knowledge - INFO - Worker kw3 processing /home/kathan/Kathan/Kavia_AI/New_Clone/graphnode-backend-api/data/b2c/12517/b7315ij/entservices-apis-12517/apis/Netflix/INetflix.h
2025-11-27 19:49:02,068 - Knowledge - INFO - Batch sizing: calculated=12, max_allowed=25, queue=118, active_workers=16/19
2025-11-27 19:49:02,073 - Knowledge - INFO - Fast-tracked /home/kathan/Kathan/Kavia_AI/New_Clone/graphnode-backend-api/data/b2c/12517/b7315ij/entservices-apis-12517/docs/homepage.md (ext=.md, size=870)
2025-11-27 19:49:02,076 - Knowledge - INFO - knowledge worker kw20 start
2025-11-27 19:49:02,077 - Knowledge - INFO - [kw19] Queue=118, InProgress=0, PendingWorkers=16/19, Completed=0/343 (0.0%)
2025-11-27 19:49:02,077 - Knowledge - INFO - Fast-tracked /home/kathan/Kathan/Kavia_AI/New_Clone/graphnode-backend-api/data/b2c/12517/b7315ij/entservices-apis-12517/docs/apis/OCIContainer.md (ext=.md, size=21478)
2025-11-27 19:49:02,079 - Knowledge - INFO - Worker kw8 processing /home/kathan/Kathan/Kavia_AI/New_Clone/graphnode-backend-api/data/b2c/12517/b7315ij/entservices-apis-12517/docs/apis/HdcpProfile.md
2025-11-27 19:49:02,080 - Knowledge - INFO - Worker kw12 processing /home/kathan/Kathan/Kavia_AI/New_Clone/graphnode-backend-api/data/b2c/12517/b7315ij/entservices-apis-12517/docs/apis_legacy/ScreenCapturePlugin.md
2025-11-27 19:49:02,082 - Knowledge - INFO - Fast-tracked /home/kathan/Kathan/Kavia_AI/New_Clone/graphnode-backend-api/data/b2c/12517/b7315ij/entservices-apis-12517/docs/apis_legacy/WarehousePlugin.md (ext=.md, size=9581)
2025-11-27 19:49:02,085 - Knowledge - INFO - Fast-tracked /home/kathan/Kathan/Kavia_AI/New_Clone/graphnode-backend-api/data/b2c/12517/b7315ij/entservices-apis-12517/apis/DeviceInfo/IFirmwareVersion.h (ext=.h, size=1359)
2025-11-27 19:49:02,085 - Knowledge - INFO - Fast-tracked /home/kathan/Kathan/Kavia_AI/New_Clone/graphnode-backend-api/data/b2c/12517/b7315ij/entservices-apis-12517/docs/apis/DeviceDiagnostics.md (ext=.md, size=7028)
2025-11-27 19:49:02,086 - Knowledge - INFO - Worker kw2 processing /home/kathan/Kathan/Kavia_AI/New_Clone/graphnode-backend-api/data/b2c/12517/b7315ij/entservices-apis-12517/apis/PersistentStore/IStore.h
2025-11-27 19:49:02,088 - Knowledge - INFO - Worker kw4 processing /home/kathan/Kathan/Kavia_AI/New_Clone/graphnode-backend-api/data/b2c/12517/b7315ij/entservices-apis-12517/apis/entservices_errorcodes.h
2025-11-27 19:49:02,089 - Knowledge - INFO - Fast-tracked /home/kathan/Kathan/Kavia_AI/New_Clone/graphnode-backend-api/data/b2c/12517/b7315ij/entservices-apis-12517/apis/WebKitBrowser/WebKitBrowser.json (ext=.json, size=2644)
2025-11-27 19:49:02,090 - Knowledge - INFO - Worker kw15 processing /home/kathan/Kathan/Kavia_AI/New_Clone/graphnode-backend-api/data/b2c/12517/b7315ij/entservices-apis-12517/docs/apis_legacy/LifecycleManagerPlugin.md
2025-11-27 19:49:02,091 - Knowledge - INFO - Fast-tracked /home/kathan/Kathan/Kavia_AI/New_Clone/graphnode-backend-api/data/b2c/12517/b7315ij/entservices-apis-12517/docs/apis_legacy/MiracastPlayerPlugin.md (ext=.md, size=23348)
2025-11-27 19:49:02,093 - Knowledge - INFO - Fast-tracked /home/kathan/Kathan/Kavia_AI/New_Clone/graphnode-backend-api/data/b2c/12517/b7315ij/entservices-apis-12517/apis/Module.h (ext=.h, size=1341)
2025-11-27 19:49:02,093 - Knowledge - INFO - Worker kw17 processing /home/kathan/Kathan/Kavia_AI/New_Clone/graphnode-backend-api/data/b2c/12517/b7315ij/entservices-apis-12517/tools/md_generator/json2md/schemas/interface.schema.json
2025-11-27 19:49:02,093 - Knowledge - INFO - Worker kw16 processing /home/kathan/Kathan/Kavia_AI/New_Clone/graphnode-backend-api/data/b2c/12517/b7315ij/entservices-apis-12517/docs/apis_legacy/PerformanceMetricsPlugin.md
2025-11-27 19:49:02,094 - Knowledge - INFO - Worker kw11 processing /home/kathan/Kathan/Kavia_AI/New_Clone/graphnode-backend-api/data/b2c/12517/b7315ij/entservices-apis-12517/docs/apis/DisplaySettingsPlugin.md
2025-11-27 19:49:02,097 - Knowledge - INFO - Worker kw18 processing /home/kathan/Kathan/Kavia_AI/New_Clone/graphnode-backend-api/data/b2c/12517/b7315ij/entservices-apis-12517/tools/json_generator/output/SystemMode/SystemModePlugin.json
2025-11-27 19:49:02,098 - Knowledge - INFO - Worker kw10 processing /home/kathan/Kathan/Kavia_AI/New_Clone/graphnode-backend-api/data/b2c/12517/b7315ij/entservices-apis-12517/docs/_coverpage.md
2025-11-27 19:49:02,101 - Knowledge - INFO - Batch sizing: calculated=12, max_allowed=25, queue=118, active_workers=18/20
2025-11-27 19:49:02,101 - Knowledge - INFO - Fast-tracked /home/kathan/Kathan/Kavia_AI/New_Clone/graphnode-backend-api/data/b2c/12517/b7315ij/entservices-apis-12517/apis/Netflix/INetflix.h (small file (2008 bytes))
2025-11-27 19:49:02,102 - Knowledge - INFO - Worker kw7 processing /home/kathan/Kathan/Kavia_AI/New_Clone/graphnode-backend-api/data/b2c/12517/b7315ij/entservices-apis-12517/docs/apis/DTVPlugin.md
2025-11-27 19:49:02,102 - Knowledge - INFO - [kw20] Queue=94, InProgress=0, PendingWorkers=18/20, Completed=0/343 (0.0%)
2025-11-27 19:49:02,104 - Knowledge - INFO - Fast-tracked /home/kathan/Kathan/Kavia_AI/New_Clone/graphnode-backend-api/data/b2c/12517/b7315ij/entservices-apis-12517/docs/apis/HdcpProfile.md (ext=.md, size=6543)
2025-11-27 19:49:02,106 - Knowledge - INFO - Worker kw13 processing /home/kathan/Kathan/Kavia_AI/New_Clone/graphnode-backend-api/data/b2c/12517/b7315ij/entservices-apis-12517/docs/apis_legacy/TelemetryPlugin.md
2025-11-27 19:49:02,107 - Knowledge - INFO - Fast-tracked /home/kathan/Kathan/Kavia_AI/New_Clone/graphnode-backend-api/data/b2c/12517/b7315ij/entservices-apis-12517/docs/apis_legacy/ScreenCapturePlugin.md (ext=.md, size=4358)
2025-11-27 19:49:02,107 - Knowledge - INFO - Worker kw1 processing /home/kathan/Kathan/Kavia_AI/New_Clone/graphnode-backend-api/data/b2c/12517/b7315ij/entservices-apis-12517/apis/DeviceInfo/DeviceInfo.json
2025-11-27 19:49:02,108 - Knowledge - INFO - Worker kw9 processing /home/kathan/Kathan/Kavia_AI/New_Clone/graphnode-backend-api/data/b2c/12517/b7315ij/entservices-apis-12517/docs/apis/RDKWindowManager.md
2025-11-27 19:49:02,109 - Knowledge - INFO - Fast-tracked /home/kathan/Kathan/Kavia_AI/New_Clone/graphnode-backend-api/data/b2c/12517/b7315ij/entservices-apis-12517/apis/PersistentStore/IStore.h (ext=.h, size=1719)
2025-11-27 19:49:02,113 - Knowledge - INFO - Worker kw5 processing /home/kathan/Kathan/Kavia_AI/New_Clone/graphnode-backend-api/data/b2c/12517/b7315ij/entservices-apis-12517/apis/WebKitBrowser/CookieJar.json
2025-11-27 19:49:02,114 - Knowledge - INFO - Fast-tracked /home/kathan/Kathan/Kavia_AI/New_Clone/graphnode-backend-api/data/b2c/12517/b7315ij/entservices-apis-12517/apis/entservices_errorcodes.h (ext=.h, size=1663)
2025-11-27 19:49:02,116 - Knowledge - INFO - Fast-tracked /home/kathan/Kathan/Kavia_AI/New_Clone/graphnode-backend-api/data/b2c/12517/b7315ij/entservices-apis-12517/docs/apis_legacy/LifecycleManagerPlugin.md (ext=.md, size=6296)
2025-11-27 19:49:02,116 - Knowledge - INFO - Worker kw14 processing /home/kathan/Kathan/Kavia_AI/New_Clone/graphnode-backend-api/data/b2c/12517/b7315ij/entservices-apis-12517/docs/apis_legacy/BluetoothPlugin.md
2025-11-27 19:49:02,116 - Knowledge - INFO - Worker kw6 processing /home/kathan/Kathan/Kavia_AI/New_Clone/graphnode-backend-api/data/b2c/12517/b7315ij/entservices-apis-12517/apis/Ids.h
2025-11-27 19:49:02,117 - Knowledge - INFO - Fast-tracked /home/kathan/Kathan/Kavia_AI/New_Clone/graphnode-backend-api/data/b2c/12517/b7315ij/entservices-apis-12517/tools/md_generator/json2md/schemas/interface.schema.json (ext=.json, size=8197)
2025-11-27 19:49:02,119 - Knowledge - INFO - Fast-tracked /home/kathan/Kathan/Kavia_AI/New_Clone/graphnode-backend-api/data/b2c/12517/b7315ij/entservices-apis-12517/tools/json_generator/output/SystemMode/SystemModePlugin.json (ext=.json, size=520)
2025-11-27 19:49:02,119 - Knowledge - INFO - Fast-tracked /home/kathan/Kathan/Kavia_AI/New_Clone/graphnode-backend-api/data/b2c/12517/b7315ij/entservices-apis-12517/docs/apis/DisplaySettingsPlugin.md (ext=.md, size=112575)
2025-11-27 19:49:02,120 - Knowledge - INFO - Fast-tracked /home/kathan/Kathan/Kavia_AI/New_Clone/graphnode-backend-api/data/b2c/12517/b7315ij/entservices-apis-12517/docs/apis_legacy/PerformanceMetricsPlugin.md (ext=.md, size=1236)
2025-11-27 19:49:02,121 - Knowledge - INFO - Fast-tracked /home/kathan/Kathan/Kavia_AI/New_Clone/graphnode-backend-api/data/b2c/12517/b7315ij/entservices-apis-12517/docs/_coverpage.md (ext=.md, size=247)
2025-11-27 19:49:02,122 - Knowledge - INFO - Worker kw19 processing /home/kathan/Kathan/Kavia_AI/New_Clone/graphnode-backend-api/data/b2c/12517/b7315ij/entservices-apis-12517/tools/json_generator/output/RDKShell/RDKShellPlugin.json
2025-11-27 19:49:02,124 - Knowledge - INFO - Worker kw3 processing /home/kathan/Kathan/Kavia_AI/New_Clone/graphnode-backend-api/data/b2c/12517/b7315ij/entservices-apis-12517/apis/Netflix/INetflixSecurity.h
2025-11-27 19:49:02,125 - Knowledge - INFO - Fast-tracked /home/kathan/Kathan/Kavia_AI/New_Clone/graphnode-backend-api/data/b2c/12517/b7315ij/entservices-apis-12517/docs/apis/DTVPlugin.md (ext=.md, size=68303)
2025-11-27 19:49:02,126 - Knowledge - INFO - Batch sizing: calculated=10, max_allowed=25, queue=94, active_workers=19/20
2025-11-27 19:49:02,127 - Knowledge - INFO - Worker kw8 processing /home/kathan/Kathan/Kavia_AI/New_Clone/graphnode-backend-api/data/b2c/12517/b7315ij/entservices-apis-12517/docs/apis/RemoteControlPlugin.md
2025-11-27 19:49:02,129 - Knowledge - INFO - Fast-tracked /home/kathan/Kathan/Kavia_AI/New_Clone/graphnode-backend-api/data/b2c/12517/b7315ij/entservices-apis-12517/docs/apis_legacy/TelemetryPlugin.md (ext=.md, size=7879)
2025-11-27 19:49:02,131 - Knowledge - INFO - Worker kw12 processing /home/kathan/Kathan/Kavia_AI/New_Clone/graphnode-backend-api/data/b2c/12517/b7315ij/entservices-apis-12517/docs/apis_legacy/HdmiCecSinkPlugin.md
2025-11-27 19:49:02,133 - Knowledge - INFO - Fast-tracked /home/kathan/Kathan/Kavia_AI/New_Clone/graphnode-backend-api/data/b2c/12517/b7315ij/entservices-apis-12517/docs/apis/RDKWindowManager.md (ext=.md, size=28809)
2025-11-27 19:49:02,133 - Knowledge - INFO - Worker kw2 processing /home/kathan/Kathan/Kavia_AI/New_Clone/graphnode-backend-api/data/b2c/12517/b7315ij/entservices-apis-12517/apis/PersistentStore/IStore2.h
2025-11-27 19:49:02,134 - Knowledge - INFO - Fast-tracked /home/kathan/Kathan/Kavia_AI/New_Clone/graphnode-backend-api/data/b2c/12517/b7315ij/entservices-apis-12517/apis/DeviceInfo/DeviceInfo.json (ext=.json, size=21616)
2025-11-27 19:49:02,134 - Knowledge - INFO - Fast-tracked /home/kathan/Kathan/Kavia_AI/New_Clone/graphnode-backend-api/data/b2c/12517/b7315ij/entservices-apis-12517/apis/WebKitBrowser/CookieJar.json (ext=.json, size=915)
2025-11-27 19:49:02,140 - Knowledge - INFO - Worker kw4 processing /home/kathan/Kathan/Kavia_AI/New_Clone/graphnode-backend-api/data/b2c/12517/b7315ij/entservices-apis-12517/apis/HdcpProfile/IHdcpProfile.h
2025-11-27 19:49:02,143 - Knowledge - INFO - Worker kw15 processing /home/kathan/Kathan/Kavia_AI/New_Clone/graphnode-backend-api/data/b2c/12517/b7315ij/entservices-apis-12517/docs/apis_legacy/MessageControlPlugin.md
2025-11-27 19:49:02,146 - Knowledge - INFO - Fast-tracked /home/kathan/Kathan/Kavia_AI/New_Clone/graphnode-backend-api/data/b2c/12517/b7315ij/entservices-apis-12517/docs/apis_legacy/BluetoothPlugin.md (ext=.md, size=50299)
2025-11-27 19:49:02,147 - Knowledge - INFO - Worker kw17 processing /home/kathan/Kathan/Kavia_AI/New_Clone/graphnode-backend-api/data/b2c/12517/b7315ij/entservices-apis-12517/tools/md_generator/json2md/schemas/plugin.schema.json
2025-11-27 19:49:02,147 - Knowledge - INFO - Worker kw18 processing /home/kathan/Kathan/Kavia_AI/New_Clone/graphnode-backend-api/data/b2c/12517/b7315ij/entservices-apis-12517/tools/json_generator/output/DeviceInfo/DeviceInfoPlugin.json
2025-11-27 19:49:02,152 - Knowledge - INFO - Worker kw11 processing /home/kathan/Kathan/Kavia_AI/New_Clone/graphnode-backend-api/data/b2c/12517/b7315ij/entservices-apis-12517/docs/apis/MiracastPlayer.md
2025-11-27 19:49:02,153 - Knowledge - INFO - Worker kw16 processing /home/kathan/Kathan/Kavia_AI/New_Clone/graphnode-backend-api/data/b2c/12517/b7315ij/entservices-apis-12517/docs/apis_legacy/PackageInstaller.md
2025-11-27 19:49:02,153 - Knowledge - INFO - Worker kw10 processing /home/kathan/Kathan/Kavia_AI/New_Clone/graphnode-backend-api/data/b2c/12517/b7315ij/entservices-apis-12517/docs/_sidebar.md
2025-11-27 19:49:02,163 - Knowledge - INFO - Worker kw6 processing /home/kathan/Kathan/Kavia_AI/New_Clone/graphnode-backend-api/data/b2c/12517/b7315ij/entservices-apis-12517/apis/DeviceDiagnostics/IDeviceDiagnostics.h
2025-11-27 19:49:02,164 - Knowledge - INFO - Fast-tracked /home/kathan/Kathan/Kavia_AI/New_Clone/graphnode-backend-api/data/b2c/12517/b7315ij/entservices-apis-12517/tools/json_generator/output/RDKShell/RDKShellPlugin.json (ext=.json, size=499)
2025-11-27 19:49:02,165 - Knowledge - INFO - Fast-tracked /home/kathan/Kathan/Kavia_AI/New_Clone/graphnode-backend-api/data/b2c/12517/b7315ij/entservices-apis-12517/apis/Netflix/INetflixSecurity.h (ext=.h, size=1678)
2025-11-27 19:49:02,166 - Knowledge - INFO - Worker kw7 processing /home/kathan/Kathan/Kavia_AI/New_Clone/graphnode-backend-api/data/b2c/12517/b7315ij/entservices-apis-12517/docs/apis/PackagerPlugin.md
2025-11-27 19:49:02,167 - Knowledge - INFO - Worker kw20 processing /home/kathan/Kathan/Kavia_AI/New_Clone/graphnode-backend-api/data/b2c/12517/b7315ij/entservices-apis-12517/tools/json_generator/output/DisplaySettings/DisplaySettings.json
2025-11-27 19:49:02,168 - Knowledge - INFO - Worker kw13 processing /home/kathan/Kathan/Kavia_AI/New_Clone/graphnode-backend-api/data/b2c/12517/b7315ij/entservices-apis-12517/docs/apis_legacy/PersistentStorePlugin.md
2025-11-27 19:49:02,168 - Knowledge - INFO - Fast-tracked /home/kathan/Kathan/Kavia_AI/New_Clone/graphnode-backend-api/data/b2c/12517/b7315ij/entservices-apis-12517/docs/apis/RemoteControlPlugin.md (ext=.md, size=40336)
2025-11-27 19:49:02,171 - Knowledge - INFO - Worker kw9 processing /home/kathan/Kathan/Kavia_AI/New_Clone/graphnode-backend-api/data/b2c/12517/b7315ij/entservices-apis-12517/docs/apis/PersistentStore.md
2025-11-27 19:49:02,173 - Knowledge - INFO - Fast-tracked /home/kathan/Kathan/Kavia_AI/New_Clone/graphnode-backend-api/data/b2c/12517/b7315ij/entservices-apis-12517/docs/apis_legacy/HdmiCecSinkPlugin.md (ext=.md, size=42881)
2025-11-27 19:49:02,173 - Knowledge - INFO - Worker kw1 processing /home/kathan/Kathan/Kavia_AI/New_Clone/graphnode-backend-api/data/b2c/12517/b7315ij/entservices-apis-12517/apis/OCIContainer/IOCIContainer.h
2025-11-27 19:49:02,174 - Knowledge - INFO - Worker kw5 processing /home/kathan/Kathan/Kavia_AI/New_Clone/graphnode-backend-api/data/b2c/12517/b7315ij/entservices-apis-12517/apis/WebKitBrowser/IBrowser.h
2025-11-27 19:49:02,178 - Knowledge - INFO - Fast-tracked /home/kathan/Kathan/Kavia_AI/New_Clone/graphnode-backend-api/data/b2c/12517/b7315ij/entservices-apis-12517/docs/apis_legacy/MessageControlPlugin.md (ext=.md, size=6674)
2025-11-27 19:49:02,178 - Knowledge - INFO - Worker kw14 processing /home/kathan/Kathan/Kavia_AI/New_Clone/graphnode-backend-api/data/b2c/12517/b7315ij/entservices-apis-12517/docs/apis_legacy/RemoteActionMappingPlugin.md
2025-11-27 19:49:02,179 - Knowledge - INFO - Fast-tracked /home/kathan/Kathan/Kavia_AI/New_Clone/graphnode-backend-api/data/b2c/12517/b7315ij/entservices-apis-12517/tools/json_generator/output/DeviceInfo/DeviceInfoPlugin.json (ext=.json, size=462)
2025-11-27 19:49:02,180 - Knowledge - INFO - Fast-tracked /home/kathan/Kathan/Kavia_AI/New_Clone/graphnode-backend-api/data/b2c/12517/b7315ij/entservices-apis-12517/docs/apis/MiracastPlayer.md (ext=.md, size=13557)
2025-11-27 19:49:02,183 - Knowledge - INFO - Fast-tracked /home/kathan/Kathan/Kavia_AI/New_Clone/graphnode-backend-api/data/b2c/12517/b7315ij/entservices-apis-12517/tools/md_generator/json2md/schemas/plugin.schema.json (ext=.json, size=5211)
2025-11-27 19:49:02,183 - Knowledge - INFO - Worker kw2 processing /home/kathan/Kathan/Kavia_AI/New_Clone/graphnode-backend-api/data/b2c/12517/b7315ij/entservices-apis-12517/apis/AmazonPrime/IAmazonPrime.h
2025-11-27 19:49:02,193 - Knowledge - INFO - Worker kw4 processing /home/kathan/Kathan/Kavia_AI/New_Clone/graphnode-backend-api/data/b2c/12517/b7315ij/entservices-apis-12517/apis/TextToSpeech/ITextToSpeech.h
2025-11-27 19:49:02,195 - Knowledge - INFO - Fast-tracked /home/kathan/Kathan/Kavia_AI/New_Clone/graphnode-backend-api/data/b2c/12517/b7315ij/entservices-apis-12517/docs/apis_legacy/PackageInstaller.md (ext=.md, size=10287)
2025-11-27 19:49:02,196 - Knowledge - INFO - Fast-tracked /home/kathan/Kathan/Kavia_AI/New_Clone/graphnode-backend-api/data/b2c/12517/b7315ij/entservices-apis-12517/docs/_sidebar.md (ext=.md, size=2935)
2025-11-27 19:49:02,201 - Knowledge - INFO - Worker kw19 processing /home/kathan/Kathan/Kavia_AI/New_Clone/graphnode-backend-api/data/b2c/12517/b7315ij/entservices-apis-12517/tools/json_generator/output/RDKShell/RDKShell.json
2025-11-27 19:49:02,202 - Knowledge - INFO - Worker kw3 processing /home/kathan/Kathan/Kavia_AI/New_Clone/graphnode-backend-api/data/b2c/12517/b7315ij/entservices-apis-12517/apis/Netflix/Netflix.json
2025-11-27 19:49:02,206 - Knowledge - INFO - Fast-tracked /home/kathan/Kathan/Kavia_AI/New_Clone/graphnode-backend-api/data/b2c/12517/b7315ij/entservices-apis-12517/docs/apis/PackagerPlugin.md (ext=.md, size=3443)
2025-11-27 19:49:02,211 - Knowledge - INFO - Worker kw6 processing /home/kathan/Kathan/Kavia_AI/New_Clone/graphnode-backend-api/data/b2c/12517/b7315ij/entservices-apis-12517/apis/DTV/DTV.json
2025-11-27 19:49:02,214 - Knowledge - INFO - Fast-tracked /home/kathan/Kathan/Kavia_AI/New_Clone/graphnode-backend-api/data/b2c/12517/b7315ij/entservices-apis-12517/tools/json_generator/output/DisplaySettings/DisplaySettings.json (ext=.json, size=101411)
2025-11-27 19:49:02,214 - Knowledge - INFO - Worker kw8 processing /home/kathan/Kathan/Kavia_AI/New_Clone/graphnode-backend-api/data/b2c/12517/b7315ij/entservices-apis-12517/docs/apis/AppManager.md
2025-11-27 19:49:02,214 - Knowledge - INFO - Fast-tracked /home/kathan/Kathan/Kavia_AI/New_Clone/graphnode-backend-api/data/b2c/12517/b7315ij/entservices-apis-12517/docs/apis_legacy/PersistentStorePlugin.md (ext=.md, size=14464)
2025-11-27 19:49:02,215 - Knowledge - INFO - Fast-tracked /home/kathan/Kathan/Kavia_AI/New_Clone/graphnode-backend-api/data/b2c/12517/b7315ij/entservices-apis-12517/docs/apis/PersistentStore.md (ext=.md, size=6738)
2025-11-27 19:49:02,216 - Knowledge - INFO - Worker kw12 processing /home/kathan/Kathan/Kavia_AI/New_Clone/graphnode-backend-api/data/b2c/12517/b7315ij/entservices-apis-12517/docs/apis_legacy/DeviceInfoPlugin.md
2025-11-27 19:49:02,220 - Knowledge - INFO - Worker kw15 processing /home/kathan/Kathan/Kavia_AI/New_Clone/graphnode-backend-api/data/b2c/12517/b7315ij/entservices-apis-12517/docs/apis_legacy/MiracastServicePlugin.md
2025-11-27 19:49:02,221 - Knowledge - INFO - Worker kw18 processing /home/kathan/Kathan/Kavia_AI/New_Clone/graphnode-backend-api/data/b2c/12517/b7315ij/entservices-apis-12517/tools/json_generator/output/DeviceInfo/DeviceInfo.json
2025-11-27 19:49:02,223 - Knowledge - INFO - Fast-tracked /home/kathan/Kathan/Kavia_AI/New_Clone/graphnode-backend-api/data/b2c/12517/b7315ij/entservices-apis-12517/docs/apis_legacy/RemoteActionMappingPlugin.md (ext=.md, size=17212)
2025-11-27 19:49:02,223 - Knowledge - INFO - Worker kw11 processing /home/kathan/Kathan/Kavia_AI/New_Clone/graphnode-backend-api/data/b2c/12517/b7315ij/entservices-apis-12517/docs/apis/XCast.md
2025-11-27 19:49:02,224 - Knowledge - INFO - Worker kw17 processing /home/kathan/Kathan/Kavia_AI/New_Clone/graphnode-backend-api/data/b2c/12517/b7315ij/entservices-apis-12517/tools/md_generator/json2md/docs_common.json
2025-11-27 19:49:02,226 - Knowledge - INFO - Worker kw16 processing /home/kathan/Kathan/Kavia_AI/New_Clone/graphnode-backend-api/data/b2c/12517/b7315ij/entservices-apis-12517/docs/apis_legacy/DTVPlugin.md
2025-11-27 19:49:02,226 - Knowledge - INFO - Worker kw10 processing /home/kathan/Kathan/Kavia_AI/New_Clone/graphnode-backend-api/data/b2c/12517/b7315ij/entservices-apis-12517/docs/apis/Migration.md
2025-11-27 19:49:02,227 - Knowledge - INFO - Fast-tracked /home/kathan/Kathan/Kavia_AI/New_Clone/graphnode-backend-api/data/b2c/12517/b7315ij/entservices-apis-12517/apis/AmazonPrime/IAmazonPrime.h (small file (2906 bytes))
2025-11-27 19:49:02,227 - Knowledge - INFO - Fast-tracked /home/kathan/Kathan/Kavia_AI/New_Clone/graphnode-backend-api/data/b2c/12517/b7315ij/entservices-apis-12517/tools/json_generator/output/RDKShell/RDKShell.json (ext=.json, size=89222)
2025-11-27 19:49:02,232 - Knowledge - INFO - Fast-tracked /home/kathan/Kathan/Kavia_AI/New_Clone/graphnode-backend-api/data/b2c/12517/b7315ij/entservices-apis-12517/apis/Netflix/Netflix.json (ext=.json, size=3021)
2025-11-27 19:49:02,233 - Knowledge - INFO - Worker kw7 processing /home/kathan/Kathan/Kavia_AI/New_Clone/graphnode-backend-api/data/b2c/12517/b7315ij/entservices-apis-12517/docs/apis/LifecycleManager.md
2025-11-27 19:49:02,240 - Knowledge - INFO - Worker kw5 processing /home/kathan/Kathan/Kavia_AI/New_Clone/graphnode-backend-api/data/b2c/12517/b7315ij/entservices-apis-12517/apis/SystemAudioPlayer/ISystemAudioPlayer.h
2025-11-27 19:49:02,241 - Knowledge - INFO - Fast-tracked /home/kathan/Kathan/Kavia_AI/New_Clone/graphnode-backend-api/data/b2c/12517/b7315ij/entservices-apis-12517/docs/apis/LifecycleManager.md (ext=.md, size=6314)
2025-11-27 19:49:02,241 - Knowledge - INFO - Worker kw20 processing /home/kathan/Kathan/Kavia_AI/New_Clone/graphnode-backend-api/data/b2c/12517/b7315ij/entservices-apis-12517/tools/json_generator/output/ResourceManager/ResourceManagerPlugin.json
2025-11-27 19:49:02,247 - Knowledge - INFO - Worker kw1 processing /home/kathan/Kathan/Kavia_AI/New_Clone/graphnode-backend-api/data/b2c/12517/b7315ij/entservices-apis-12517/apis/AppGateway/IAppGateway.h
2025-11-27 19:49:02,251 - Knowledge - INFO - Worker kw4 processing /home/kathan/Kathan/Kavia_AI/New_Clone/graphnode-backend-api/data/b2c/12517/b7315ij/entservices-apis-12517/apis/Telemetry/ITelemetry.h
2025-11-27 19:49:02,256 - Knowledge - INFO - Fast-tracked /home/kathan/Kathan/Kavia_AI/New_Clone/graphnode-backend-api/data/b2c/12517/b7315ij/entservices-apis-12517/docs/apis/AppManager.md (ext=.md, size=27017)
2025-11-27 19:49:02,256 - Knowledge - INFO - Worker kw13 processing /home/kathan/Kathan/Kavia_AI/New_Clone/graphnode-backend-api/data/b2c/12517/b7315ij/entservices-apis-12517/docs/apis_legacy/PackageDownloader.md
2025-11-27 19:49:02,258 - Knowledge - INFO - Worker kw9 processing /home/kathan/Kathan/Kavia_AI/New_Clone/graphnode-backend-api/data/b2c/12517/b7315ij/entservices-apis-12517/docs/apis/FrontPanel.md
2025-11-27 19:49:02,259 - Knowledge - INFO - Fast-tracked /home/kathan/Kathan/Kavia_AI/New_Clone/graphnode-backend-api/data/b2c/12517/b7315ij/entservices-apis-12517/docs/apis_legacy/DeviceInfoPlugin.md (ext=.md, size=22901)
2025-11-27 19:49:02,259 - Knowledge - INFO - Fast-tracked /home/kathan/Kathan/Kavia_AI/New_Clone/graphnode-backend-api/data/b2c/12517/b7315ij/entservices-apis-12517/docs/apis_legacy/MiracastServicePlugin.md (ext=.md, size=12236)
2025-11-27 19:49:02,260 - Knowledge - INFO - Fast-tracked /home/kathan/Kathan/Kavia_AI/New_Clone/graphnode-backend-api/data/b2c/12517/b7315ij/entservices-apis-12517/tools/json_generator/output/DeviceInfo/DeviceInfo.json (ext=.json, size=20027)
2025-11-27 19:49:02,261 - Knowledge - INFO - Worker kw14 processing /home/kathan/Kathan/Kavia_AI/New_Clone/graphnode-backend-api/data/b2c/12517/b7315ij/entservices-apis-12517/docs/apis_legacy/FirmwareUpdatePlugin.md
2025-11-27 19:49:02,262 - Knowledge - INFO - Fast-tracked /home/kathan/Kathan/Kavia_AI/New_Clone/graphnode-backend-api/data/b2c/12517/b7315ij/entservices-apis-12517/docs/apis/XCast.md (ext=.md, size=24454)
2025-11-27 19:49:02,262 - Knowledge - INFO - Fast-tracked /home/kathan/Kathan/Kavia_AI/New_Clone/graphnode-backend-api/data/b2c/12517/b7315ij/entservices-apis-12517/tools/md_generator/json2md/docs_common.json (ext=.json, size=1694)
2025-11-27 19:49:02,264 - Knowledge - INFO - Fast-tracked /home/kathan/Kathan/Kavia_AI/New_Clone/graphnode-backend-api/data/b2c/12517/b7315ij/entservices-apis-12517/docs/apis/Migration.md (ext=.md, size=4244)
2025-11-27 19:49:02,264 - Knowledge - INFO - Fast-tracked /home/kathan/Kathan/Kavia_AI/New_Clone/graphnode-backend-api/data/b2c/12517/b7315ij/entservices-apis-12517/docs/apis_legacy/DTVPlugin.md (ext=.md, size=68303)
2025-11-27 19:49:02,264 - Knowledge - INFO - Worker kw2 processing /home/kathan/Kathan/Kavia_AI/New_Clone/graphnode-backend-api/data/b2c/12517/b7315ij/entservices-apis-12517/apis/Module.cpp
2025-11-27 19:49:02,265 - Knowledge - INFO - Worker kw19 processing /home/kathan/Kathan/Kavia_AI/New_Clone/graphnode-backend-api/data/b2c/12517/b7315ij/entservices-apis-12517/tools/json_generator/output/RemoteActionMapping/RemoteActionMappingPlugin.json
2025-11-27 19:49:02,265 - Knowledge - INFO - Worker kw3 processing /home/kathan/Kathan/Kavia_AI/New_Clone/graphnode-backend-api/data/b2c/12517/b7315ij/entservices-apis-12517/apis/DisplayInfo/IConfiguration.h
2025-11-27 19:49:02,271 - Knowledge - INFO - Fast-tracked /home/kathan/Kathan/Kavia_AI/New_Clone/graphnode-backend-api/data/b2c/12517/b7315ij/entservices-apis-12517/apis/DisplayInfo/IConfiguration.h (ext=.h, size=990)
2025-11-27 19:49:02,272 - Knowledge - INFO - Fast-tracked /home/kathan/Kathan/Kavia_AI/New_Clone/graphnode-backend-api/data/b2c/12517/b7315ij/entservices-apis-12517/apis/SystemAudioPlayer/ISystemAudioPlayer.h (small file (2476 bytes))
2025-11-27 19:49:02,273 - Knowledge - INFO - Worker kw7 processing /home/kathan/Kathan/Kavia_AI/New_Clone/graphnode-backend-api/data/b2c/12517/b7315ij/entservices-apis-12517/docs/README.md
2025-11-27 19:49:02,273 - Knowledge - INFO - Fast-tracked /home/kathan/Kathan/Kavia_AI/New_Clone/graphnode-backend-api/data/b2c/12517/b7315ij/entservices-apis-12517/tools/json_generator/output/ResourceManager/ResourceManagerPlugin.json (ext=.json, size=518)
2025-11-27 19:49:02,277 - Knowledge - INFO - Worker kw8 processing /home/kathan/Kathan/Kavia_AI/New_Clone/graphnode-backend-api/data/b2c/12517/b7315ij/entservices-apis-12517/docs/apis/PreinstallManager.md
2025-11-27 19:49:02,298 - Knowledge - INFO - Worker kw4 processing /home/kathan/Kathan/Kavia_AI/New_Clone/graphnode-backend-api/data/b2c/12517/b7315ij/entservices-apis-12517/apis/StorageManager/IStorageManager.h
2025-11-27 19:49:02,304 - Knowledge - INFO - Fast-tracked /home/kathan/Kathan/Kavia_AI/New_Clone/graphnode-backend-api/data/b2c/12517/b7315ij/entservices-apis-12517/docs/apis_legacy/PackageDownloader.md (ext=.md, size=9158)
2025-11-27 19:49:02,304 - Knowledge - INFO - Worker kw1 processing /home/kathan/Kathan/Kavia_AI/New_Clone/graphnode-backend-api/data/b2c/12517/b7315ij/entservices-apis-12517/apis/DeviceIdentification/DeviceIdentification.json
2025-11-27 19:49:02,320 - Knowledge - INFO - Fast-tracked /home/kathan/Kathan/Kavia_AI/New_Clone/graphnode-backend-api/data/b2c/12517/b7315ij/entservices-apis-12517/docs/apis/FrontPanel.md (ext=.md, size=9735)
2025-11-27 19:49:02,341 - Knowledge - INFO - Worker kw12 processing /home/kathan/Kathan/Kavia_AI/New_Clone/graphnode-backend-api/data/b2c/12517/b7315ij/entservices-apis-12517/docs/apis_legacy/MonitorPlugin.md
2025-11-27 19:49:02,342 - Knowledge - INFO - Worker kw15 processing /home/kathan/Kathan/Kavia_AI/New_Clone/graphnode-backend-api/data/b2c/12517/b7315ij/entservices-apis-12517/docs/apis_legacy/VoiceControlPlugin.md
2025-11-27 19:49:02,353 - Knowledge - INFO - Worker kw11 processing /home/kathan/Kathan/Kavia_AI/New_Clone/graphnode-backend-api/data/b2c/12517/b7315ij/entservices-apis-12517/docs/apis/HdmiCecSink.md
2025-11-27 19:49:02,353 - Knowledge - INFO - Fast-tracked /home/kathan/Kathan/Kavia_AI/New_Clone/graphnode-backend-api/data/b2c/12517/b7315ij/entservices-apis-12517/docs/apis_legacy/FirmwareUpdatePlugin.md (ext=.md, size=6934)
2025-11-27 19:49:02,354 - Knowledge - INFO - Fast-tracked /home/kathan/Kathan/Kavia_AI/New_Clone/graphnode-backend-api/data/b2c/12517/b7315ij/entservices-apis-12517/docs/apis_legacy/VoiceControlPlugin.md (ext=.md, size=26237)
2025-11-27 19:49:02,361 - Knowledge - INFO - Worker kw17 processing /home/kathan/Kathan/Kavia_AI/New_Clone/graphnode-backend-api/data/b2c/12517/b7315ij/entservices-apis-12517/tools/md_generator/json2md/Log.py
2025-11-27 19:49:02,362 - Knowledge - INFO - Worker kw10 processing /home/kathan/Kathan/Kavia_AI/New_Clone/graphnode-backend-api/data/b2c/12517/b7315ij/entservices-apis-12517/docs/apis/TextTrack.md
2025-11-27 19:49:02,363 - Knowledge - INFO - Worker kw16 processing /home/kathan/Kathan/Kavia_AI/New_Clone/graphnode-backend-api/data/b2c/12517/b7315ij/entservices-apis-12517/docs/apis_legacy/AppManagerPlugin.md
2025-11-27 19:49:02,364 - Knowledge - INFO - Fast-tracked /home/kathan/Kathan/Kavia_AI/New_Clone/graphnode-backend-api/data/b2c/12517/b7315ij/entservices-apis-12517/apis/Module.cpp (ext=.cpp, size=779)
2025-11-27 19:49:02,364 - Knowledge - INFO - Worker kw3 processing /home/kathan/Kathan/Kavia_AI/New_Clone/graphnode-backend-api/data/b2c/12517/b7315ij/entservices-apis-12517/apis/DisplayInfo/IDisplayInfo.h
2025-11-27 19:49:02,364 - Knowledge - INFO - Fast-tracked /home/kathan/Kathan/Kavia_AI/New_Clone/graphnode-backend-api/data/b2c/12517/b7315ij/entservices-apis-12517/apis/DTV/DTV.json (ext=.json, size=50537)
2025-11-27 19:49:02,364 - Knowledge - INFO - Fast-tracked /home/kathan/Kathan/Kavia_AI/New_Clone/graphnode-backend-api/data/b2c/12517/b7315ij/entservices-apis-12517/tools/json_generator/output/RemoteActionMapping/RemoteActionMappingPlugin.json (ext=.json, size=517)
2025-11-27 19:49:02,365 - Knowledge - INFO - Worker kw5 processing /home/kathan/Kathan/Kavia_AI/New_Clone/graphnode-backend-api/data/b2c/12517/b7315ij/entservices-apis-12517/apis/PowerManager/IPowerManager.h
2025-11-27 19:49:02,366 - Knowledge - INFO - Fast-tracked /home/kathan/Kathan/Kavia_AI/New_Clone/graphnode-backend-api/data/b2c/12517/b7315ij/entservices-apis-12517/docs/README.md (ext=.md, size=627)
2025-11-27 19:49:02,370 - Knowledge - INFO - Worker kw20 processing /home/kathan/Kathan/Kavia_AI/New_Clone/graphnode-backend-api/data/b2c/12517/b7315ij/entservices-apis-12517/tools/json_generator/output/ResourceManager/ResourceManager.json
2025-11-27 19:49:02,370 - Knowledge - INFO - Fast-tracked /home/kathan/Kathan/Kavia_AI/New_Clone/graphnode-backend-api/data/b2c/12517/b7315ij/entservices-apis-12517/docs/apis/PreinstallManager.md (ext=.md, size=3922)
2025-11-27 19:49:02,376 - Knowledge - INFO - Worker kw13 processing /home/kathan/Kathan/Kavia_AI/New_Clone/graphnode-backend-api/data/b2c/12517/b7315ij/entservices-apis-12517/docs/apis_legacy/NetflixPlugin.md
2025-11-27 19:49:02,378 - Knowledge - INFO - Fast-tracked /home/kathan/Kathan/Kavia_AI/New_Clone/graphnode-backend-api/data/b2c/12517/b7315ij/entservices-apis-12517/apis/DeviceIdentification/DeviceIdentification.json (ext=.json, size=1015)
2025-11-27 19:49:02,378 - Knowledge - INFO - Worker kw9 processing /home/kathan/Kathan/Kavia_AI/New_Clone/graphnode-backend-api/data/b2c/12517/b7315ij/entservices-apis-12517/docs/apis/DisplayInfo.md
2025-11-27 19:49:02,381 - Knowledge - INFO - Worker kw4 processing /home/kathan/Kathan/Kavia_AI/New_Clone/graphnode-backend-api/data/b2c/12517/b7315ij/entservices-apis-12517/apis/ScreenCapture/IScreenCapture.h
2025-11-27 19:49:02,382 - Knowledge - INFO - Fast-tracked /home/kathan/Kathan/Kavia_AI/New_Clone/graphnode-backend-api/data/b2c/12517/b7315ij/entservices-apis-12517/docs/apis_legacy/MonitorPlugin.md (ext=.md, size=12022)
2025-11-27 19:49:02,390 - Knowledge - INFO - Worker kw18 processing /home/kathan/Kathan/Kavia_AI/New_Clone/graphnode-backend-api/data/b2c/12517/b7315ij/entservices-apis-12517/tools/json_generator/output/OCIContainer/OCIContainerPlugin.json
2025-11-27 19:49:02,391 - Knowledge - INFO - Fast-tracked /home/kathan/Kathan/Kavia_AI/New_Clone/graphnode-backend-api/data/b2c/12517/b7315ij/entservices-apis-12517/docs/apis/HdmiCecSink.md (ext=.md, size=43976)
2025-11-27 19:49:02,391 - Knowledge - INFO - Worker kw14 processing /home/kathan/Kathan/Kavia_AI/New_Clone/graphnode-backend-api/data/b2c/12517/b7315ij/entservices-apis-12517/docs/apis_legacy/OpenCDMiPlugin.md
2025-11-27 19:49:02,391 - Knowledge - INFO - Worker kw15 processing /home/kathan/Kathan/Kavia_AI/New_Clone/graphnode-backend-api/data/b2c/12517/b7315ij/entservices-apis-12517/docs/apis_legacy/MotionDetectionPlugin.md
2025-11-27 19:49:02,392 - Knowledge - INFO - Fast-tracked /home/kathan/Kathan/Kavia_AI/New_Clone/graphnode-backend-api/data/b2c/12517/b7315ij/entservices-apis-12517/docs/apis/TextTrack.md (ext=.md, size=50477)
2025-11-27 19:49:02,393 - Knowledge - INFO - Worker kw2 processing /home/kathan/Kathan/Kavia_AI/New_Clone/graphnode-backend-api/data/b2c/12517/b7315ij/entservices-apis-12517/apis/RDKShell/IFocus.h
2025-11-27 19:49:02,394 - Knowledge - INFO - Fast-tracked /home/kathan/Kathan/Kavia_AI/New_Clone/graphnode-backend-api/data/b2c/12517/b7315ij/entservices-apis-12517/docs/apis_legacy/AppManagerPlugin.md (ext=.md, size=23260)
2025-11-27 19:49:02,395 - Knowledge - INFO - Worker kw6 processing /home/kathan/Kathan/Kavia_AI/New_Clone/graphnode-backend-api/data/b2c/12517/b7315ij/entservices-apis-12517/apis/LinearPlaybackControl/LinearPlaybackControl.json
2025-11-27 19:49:02,395 - Knowledge - INFO - Worker kw19 processing /home/kathan/Kathan/Kavia_AI/New_Clone/graphnode-backend-api/data/b2c/12517/b7315ij/entservices-apis-12517/tools/json_generator/output/RemoteActionMapping/RemoteActionMapping.json
2025-11-27 19:49:02,397 - Knowledge - INFO - Worker kw7 processing /home/kathan/Kathan/Kavia_AI/New_Clone/graphnode-backend-api/data/b2c/12517/b7315ij/entservices-apis-12517/docs/index.html
2025-11-27 19:49:02,398 - Knowledge - INFO - Worker kw8 processing /home/kathan/Kathan/Kavia_AI/New_Clone/graphnode-backend-api/data/b2c/12517/b7315ij/entservices-apis-12517/docs/apis/MessageControl.md
2025-11-27 19:49:02,399 - Knowledge - INFO - Fast-tracked /home/kathan/Kathan/Kavia_AI/New_Clone/graphnode-backend-api/data/b2c/12517/b7315ij/entservices-apis-12517/docs/apis_legacy/NetflixPlugin.md (ext=.md, size=8967)
2025-11-27 19:49:02,399 - Knowledge - INFO - Worker kw1 processing /home/kathan/Kathan/Kavia_AI/New_Clone/graphnode-backend-api/data/b2c/12517/b7315ij/entservices-apis-12517/apis/wpeframework-clientlibraries/ICompositionBuffer.h
2025-11-27 19:49:02,400 - Knowledge - INFO - Fast-tracked /home/kathan/Kathan/Kavia_AI/New_Clone/graphnode-backend-api/data/b2c/12517/b7315ij/entservices-apis-12517/tools/json_generator/output/ResourceManager/ResourceManager.json (ext=.json, size=3707)
2025-11-27 19:49:02,400 - Knowledge - INFO - Fast-tracked /home/kathan/Kathan/Kavia_AI/New_Clone/graphnode-backend-api/data/b2c/12517/b7315ij/entservices-apis-12517/docs/apis/DisplayInfo.md (ext=.md, size=20310)
2025-11-27 19:49:02,403 - Knowledge - INFO - Worker kw12 processing /home/kathan/Kathan/Kavia_AI/New_Clone/graphnode-backend-api/data/b2c/12517/b7315ij/entservices-apis-12517/docs/apis_legacy/AVInputPlugin.md
2025-11-27 19:49:02,403 - Knowledge - INFO - Fast-tracked /home/kathan/Kathan/Kavia_AI/New_Clone/graphnode-backend-api/data/b2c/12517/b7315ij/entservices-apis-12517/apis/ScreenCapture/IScreenCapture.h (small file (2463 bytes))
2025-11-27 19:49:02,409 - Knowledge - INFO - Worker kw5 processing /home/kathan/Kathan/Kavia_AI/New_Clone/graphnode-backend-api/data/b2c/12517/b7315ij/entservices-apis-12517/apis/LISA/ILISA.h
2025-11-27 19:49:02,418 - Knowledge - INFO - Fast-tracked /home/kathan/Kathan/Kavia_AI/New_Clone/graphnode-backend-api/data/b2c/12517/b7315ij/entservices-apis-12517/tools/json_generator/output/OCIContainer/OCIContainerPlugin.json (ext=.json, size=510)
2025-11-27 19:49:02,418 - Knowledge - INFO - Worker kw3 processing /home/kathan/Kathan/Kavia_AI/New_Clone/graphnode-backend-api/data/b2c/12517/b7315ij/entservices-apis-12517/apis/DisplayInfo/DisplayInfo.json
2025-11-27 19:49:02,421 - Knowledge - INFO - Worker kw11 processing /home/kathan/Kathan/Kavia_AI/New_Clone/graphnode-backend-api/data/b2c/12517/b7315ij/entservices-apis-12517/docs/apis/RDKShellPlugin.md
2025-11-27 19:49:02,422 - Knowledge - INFO - Worker kw17 processing /home/kathan/Kathan/Kavia_AI/New_Clone/graphnode-backend-api/data/b2c/12517/b7315ij/entservices-apis-12517/tools/md_generator/update_sidebar.py
2025-11-27 19:49:02,423 - Knowledge - INFO - Fast-tracked /home/kathan/Kathan/Kavia_AI/New_Clone/graphnode-backend-api/data/b2c/12517/b7315ij/entservices-apis-12517/docs/apis_legacy/OpenCDMiPlugin.md (ext=.md, size=3992)
2025-11-27 19:49:02,429 - Knowledge - INFO - Fast-tracked /home/kathan/Kathan/Kavia_AI/New_Clone/graphnode-backend-api/data/b2c/12517/b7315ij/entservices-apis-12517/docs/apis_legacy/MotionDetectionPlugin.md (ext=.md, size=19642)
2025-11-27 19:49:02,433 - Knowledge - INFO - Worker kw10 processing /home/kathan/Kathan/Kavia_AI/New_Clone/graphnode-backend-api/data/b2c/12517/b7315ij/entservices-apis-12517/docs/apis/USBMassStorage.md
2025-11-27 19:49:02,434 - Knowledge - INFO - Fast-tracked /home/kathan/Kathan/Kavia_AI/New_Clone/graphnode-backend-api/data/b2c/12517/b7315ij/entservices-apis-12517/apis/RDKShell/IFocus.h (ext=.h, size=993)
2025-11-27 19:49:02,434 - Knowledge - INFO - Worker kw16 processing /home/kathan/Kathan/Kavia_AI/New_Clone/graphnode-backend-api/data/b2c/12517/b7315ij/entservices-apis-12517/docs/apis_legacy/PackagerPlugin.md
2025-11-27 19:49:02,435 - Knowledge - INFO - Fast-tracked /home/kathan/Kathan/Kavia_AI/New_Clone/graphnode-backend-api/data/b2c/12517/b7315ij/entservices-apis-12517/apis/LinearPlaybackControl/LinearPlaybackControl.json (ext=.json, size=9542)
2025-11-27 19:49:02,437 - Knowledge - INFO - Fast-tracked /home/kathan/Kathan/Kavia_AI/New_Clone/graphnode-backend-api/data/b2c/12517/b7315ij/entservices-apis-12517/docs/index.html (small file (2493 bytes))
2025-11-27 19:49:02,437 - Knowledge - INFO - Fast-tracked /home/kathan/Kathan/Kavia_AI/New_Clone/graphnode-backend-api/data/b2c/12517/b7315ij/entservices-apis-12517/tools/json_generator/output/RemoteActionMapping/RemoteActionMapping.json (ext=.json, size=19187)
2025-11-27 19:49:02,438 - Knowledge - INFO - Fast-tracked /home/kathan/Kathan/Kavia_AI/New_Clone/graphnode-backend-api/data/b2c/12517/b7315ij/entservices-apis-12517/docs/apis/MessageControl.md (ext=.md, size=4389)
2025-11-27 19:49:02,439 - Knowledge - INFO - Worker kw13 processing /home/kathan/Kathan/Kavia_AI/New_Clone/graphnode-backend-api/data/b2c/12517/b7315ij/entservices-apis-12517/docs/apis_legacy/PowerManagerPlugin.md
2025-11-27 19:49:02,440 - Knowledge - INFO - Worker kw20 processing /home/kathan/Kathan/Kavia_AI/New_Clone/graphnode-backend-api/data/b2c/12517/b7315ij/entservices-apis-12517/tools/json_generator/output/Miracast/MiracastPlayerPlugin.json
2025-11-27 19:49:02,440 - Knowledge - INFO - Fast-tracked /home/kathan/Kathan/Kavia_AI/New_Clone/graphnode-backend-api/data/b2c/12517/b7315ij/entservices-apis-12517/apis/wpeframework-clientlibraries/ICompositionBuffer.h (small file (2777 bytes))
2025-11-27 19:49:02,440 - Knowledge - INFO - Worker kw9 processing /home/kathan/Kathan/Kavia_AI/New_Clone/graphnode-backend-api/data/b2c/12517/b7315ij/entservices-apis-12517/docs/apis/MiracastService.md
2025-11-27 19:49:02,442 - Knowledge - INFO - Worker kw4 processing /home/kathan/Kathan/Kavia_AI/New_Clone/graphnode-backend-api/data/b2c/12517/b7315ij/entservices-apis-12517/apis/MiracastService/IMiracastService.h
2025-11-27 19:49:02,442 - Knowledge - INFO - Fast-tracked /home/kathan/Kathan/Kavia_AI/New_Clone/graphnode-backend-api/data/b2c/12517/b7315ij/entservices-apis-12517/docs/apis_legacy/AVInputPlugin.md (ext=.md, size=32086)
2025-11-27 19:49:02,445 - Knowledge - INFO - Worker kw18 processing /home/kathan/Kathan/Kavia_AI/New_Clone/graphnode-backend-api/data/b2c/12517/b7315ij/entservices-apis-12517/tools/json_generator/output/OCIContainer/OCIContainer.json
2025-11-27 19:49:02,448 - Knowledge - INFO - Fast-tracked /home/kathan/Kathan/Kavia_AI/New_Clone/graphnode-backend-api/data/b2c/12517/b7315ij/entservices-apis-12517/apis/DisplayInfo/DisplayInfo.json (ext=.json, size=2352)
2025-11-27 19:49:02,448 - Knowledge - INFO - Fast-tracked /home/kathan/Kathan/Kavia_AI/New_Clone/graphnode-backend-api/data/b2c/12517/b7315ij/entservices-apis-12517/docs/apis/RDKShellPlugin.md (ext=.md, size=95488)
2025-11-27 19:49:02,454 - Knowledge - INFO - Worker kw5 processing /home/kathan/Kathan/Kavia_AI/New_Clone/graphnode-backend-api/data/b2c/12517/b7315ij/entservices-apis-12517/apis/LISA/LISA.json
2025-11-27 19:49:02,457 - Knowledge - INFO - Worker kw14 processing /home/kathan/Kathan/Kavia_AI/New_Clone/graphnode-backend-api/data/b2c/12517/b7315ij/entservices-apis-12517/docs/apis_legacy/HomeKitTVPlugin.md
2025-11-27 19:49:02,457 - Knowledge - INFO - Fast-tracked /home/kathan/Kathan/Kavia_AI/New_Clone/graphnode-backend-api/data/b2c/12517/b7315ij/entservices-apis-12517/tools/md_generator/update_sidebar.py (small file (2410 bytes))
2025-11-27 19:49:02,458 - Knowledge - INFO - Worker kw15 processing /home/kathan/Kathan/Kavia_AI/New_Clone/graphnode-backend-api/data/b2c/12517/b7315ij/entservices-apis-12517/docs/apis_legacy/LinearPlaybackControlPlugin.md
2025-11-27 19:49:02,459 - Knowledge - INFO - Fast-tracked /home/kathan/Kathan/Kavia_AI/New_Clone/graphnode-backend-api/data/b2c/12517/b7315ij/entservices-apis-12517/docs/apis_legacy/LinearPlaybackControlPlugin.md (ext=.md, size=9935)
2025-11-27 19:49:02,459 - Knowledge - INFO - Worker kw2 processing /home/kathan/Kathan/Kavia_AI/New_Clone/graphnode-backend-api/data/b2c/12517/b7315ij/entservices-apis-12517/apis/RDKShell/ICapture.h
2025-11-27 19:49:02,460 - Knowledge - INFO - Worker kw6 processing /home/kathan/Kathan/Kavia_AI/New_Clone/graphnode-backend-api/data/b2c/12517/b7315ij/entservices-apis-12517/apis/PlayerInfo/PlayerInfo.json
2025-11-27 19:49:02,460 - Knowledge - INFO - Fast-tracked /home/kathan/Kathan/Kavia_AI/New_Clone/graphnode-backend-api/data/b2c/12517/b7315ij/entservices-apis-12517/docs/apis_legacy/PackagerPlugin.md (ext=.md, size=3443)
2025-11-27 19:49:02,460 - Knowledge - INFO - Worker kw7 processing /home/kathan/Kathan/Kavia_AI/New_Clone/graphnode-backend-api/data/b2c/12517/b7315ij/entservices-apis-12517/docs/overview/intro.md
2025-11-27 19:49:02,460 - Knowledge - INFO - Worker kw19 processing /home/kathan/Kathan/Kavia_AI/New_Clone/graphnode-backend-api/data/b2c/12517/b7315ij/entservices-apis-12517/tools/json_generator/output/AppManager/AppManagerPlugin.json
2025-11-27 19:49:02,461 - Knowledge - INFO - Worker kw8 processing /home/kathan/Kathan/Kavia_AI/New_Clone/graphnode-backend-api/data/b2c/12517/b7315ij/entservices-apis-12517/docs/apis/VoiceControlPlugin.md
2025-11-27 19:49:02,462 - Knowledge - INFO - Fast-tracked /home/kathan/Kathan/Kavia_AI/New_Clone/graphnode-backend-api/data/b2c/12517/b7315ij/entservices-apis-12517/docs/apis/VoiceControlPlugin.md (ext=.md, size=26377)
2025-11-27 19:49:02,462 - Knowledge - INFO - Fast-tracked /home/kathan/Kathan/Kavia_AI/New_Clone/graphnode-backend-api/data/b2c/12517/b7315ij/entservices-apis-12517/tools/json_generator/output/Miracast/MiracastPlayerPlugin.json (ext=.json, size=621)
2025-11-27 19:49:02,462 - Knowledge - INFO - Worker kw1 processing /home/kathan/Kathan/Kavia_AI/New_Clone/graphnode-backend-api/data/b2c/12517/b7315ij/entservices-apis-12517/apis/wpeframework-clientlibraries/ICryptography.h
2025-11-27 19:49:02,464 - Knowledge - INFO - Worker kw12 processing /home/kathan/Kathan/Kavia_AI/New_Clone/graphnode-backend-api/data/b2c/12517/b7315ij/entservices-apis-12517/docs/apis_legacy/DisplaySettingsPlugin.md
2025-11-27 19:49:02,466 - Knowledge - INFO - Worker kw3 processing /home/kathan/Kathan/Kavia_AI/New_Clone/graphnode-backend-api/data/b2c/12517/b7315ij/entservices-apis-12517/apis/Migration/IMigration.h
2025-11-27 19:49:02,468 - Knowledge - INFO - Fast-tracked /home/kathan/Kathan/Kavia_AI/New_Clone/graphnode-backend-api/data/b2c/12517/b7315ij/entservices-apis-12517/tools/json_generator/output/OCIContainer/OCIContainer.json (ext=.json, size=29849)
2025-11-27 19:49:02,468 - Knowledge - INFO - Worker kw11 processing /home/kathan/Kathan/Kavia_AI/New_Clone/graphnode-backend-api/data/b2c/12517/b7315ij/entservices-apis-12517/docs/apis/BluetoothPlugin.md
2025-11-27 19:49:02,474 - Knowledge - INFO - Worker kw4 processing /home/kathan/Kathan/Kavia_AI/New_Clone/graphnode-backend-api/data/b2c/12517/b7315ij/entservices-apis-12517/apis/Cobalt/IDictionary.h
2025-11-27 19:49:02,475 - Knowledge - INFO - Fast-tracked /home/kathan/Kathan/Kavia_AI/New_Clone/graphnode-backend-api/data/b2c/12517/b7315ij/entservices-apis-12517/apis/LISA/LISA.json (ext=.json, size=21516)
2025-11-27 19:49:02,485 - Knowledge - INFO - Worker kw1 processing /home/kathan/Kathan/Kavia_AI/New_Clone/graphnode-backend-api/data/b2c/12517/b7315ij/entservices-apis-12517/apis/wpeframework-clientlibraries/IComposition.h
2025-11-27 19:49:02,485 - Knowledge - INFO - Fast-tracked /home/kathan/Kathan/Kavia_AI/New_Clone/graphnode-backend-api/data/b2c/12517/b7315ij/entservices-apis-12517/docs/apis_legacy/HomeKitTVPlugin.md (ext=.md, size=11964)
2025-11-27 19:49:02,486 - Knowledge - INFO - Worker kw17 processing /home/kathan/Kathan/Kavia_AI/New_Clone/graphnode-backend-api/data/b2c/12517/b7315ij/entservices-apis-12517/tools/md_generator/generate_md.py
2025-11-27 19:49:02,489 - Knowledge - INFO - Worker kw15 processing /home/kathan/Kathan/Kavia_AI/New_Clone/graphnode-backend-api/data/b2c/12517/b7315ij/entservices-apis-12517/docs/apis_legacy/SharedStoragePlugin.md
2025-11-27 19:49:02,489 - Knowledge - INFO - Fast-tracked /home/kathan/Kathan/Kavia_AI/New_Clone/graphnode-backend-api/data/b2c/12517/b7315ij/entservices-apis-12517/docs/apis/USBMassStorage.md (ext=.md, size=9629)
2025-11-27 19:49:02,490 - Knowledge - INFO - Fast-tracked /home/kathan/Kathan/Kavia_AI/New_Clone/graphnode-backend-api/data/b2c/12517/b7315ij/entservices-apis-12517/apis/RDKShell/ICapture.h (ext=.h, size=1341)
2025-11-27 19:49:02,490 - Knowledge - INFO - Fast-tracked /home/kathan/Kathan/Kavia_AI/New_Clone/graphnode-backend-api/data/b2c/12517/b7315ij/entservices-apis-12517/apis/PlayerInfo/PlayerInfo.json (ext=.json, size=2189)
2025-11-27 19:49:02,491 - Knowledge - INFO - Worker kw16 processing /home/kathan/Kathan/Kavia_AI/New_Clone/graphnode-backend-api/data/b2c/12517/b7315ij/entservices-apis-12517/docs/apis_legacy/UserSettingsPlugin.md
2025-11-27 19:49:02,491 - Knowledge - INFO - Fast-tracked /home/kathan/Kathan/Kavia_AI/New_Clone/graphnode-backend-api/data/b2c/12517/b7315ij/entservices-apis-12517/docs/overview/intro.md (ext=.md, size=975)
2025-11-27 19:49:02,492 - Knowledge - INFO - Fast-tracked /home/kathan/Kathan/Kavia_AI/New_Clone/graphnode-backend-api/data/b2c/12517/b7315ij/entservices-apis-12517/tools/json_generator/output/AppManager/AppManagerPlugin.json (ext=.json, size=604)
2025-11-27 19:49:02,492 - Knowledge - INFO - Fast-tracked /home/kathan/Kathan/Kavia_AI/New_Clone/graphnode-backend-api/data/b2c/12517/b7315ij/entservices-apis-12517/docs/apis_legacy/PowerManagerPlugin.md (ext=.md, size=29179)
2025-11-27 19:49:02,493 - Knowledge - INFO - Worker kw8 processing /home/kathan/Kathan/Kavia_AI/New_Clone/graphnode-backend-api/data/b2c/12517/b7315ij/entservices-apis-12517/docs/apis/MotionDetectionPlugin.md
2025-11-27 19:49:02,498 - Knowledge - INFO - Worker kw20 processing /home/kathan/Kathan/Kavia_AI/New_Clone/graphnode-backend-api/data/b2c/12517/b7315ij/entservices-apis-12517/tools/json_generator/output/Miracast/MiracastServicePlugin.json
2025-11-27 19:49:02,499 - Knowledge - INFO - Fast-tracked /home/kathan/Kathan/Kavia_AI/New_Clone/graphnode-backend-api/data/b2c/12517/b7315ij/entservices-apis-12517/docs/apis_legacy/DisplaySettingsPlugin.md (ext=.md, size=112575)
2025-11-27 19:49:02,499 - Knowledge - INFO - Fast-tracked /home/kathan/Kathan/Kavia_AI/New_Clone/graphnode-backend-api/data/b2c/12517/b7315ij/entservices-apis-12517/docs/apis/MiracastService.md (ext=.md, size=12293)
2025-11-27 19:49:02,500 - Knowledge - INFO - Worker kw18 processing /home/kathan/Kathan/Kavia_AI/New_Clone/graphnode-backend-api/data/b2c/12517/b7315ij/entservices-apis-12517/tools/json_generator/output/HdmiCecSource/HdmiCecSourcePlugin.json
2025-11-27 19:49:02,501 - Knowledge - INFO - Fast-tracked /home/kathan/Kathan/Kavia_AI/New_Clone/graphnode-backend-api/data/b2c/12517/b7315ij/entservices-apis-12517/tools/json_generator/output/HdmiCecSource/HdmiCecSourcePlugin.json (ext=.json, size=763)
2025-11-27 19:49:02,502 - Knowledge - INFO - Worker kw5 processing /home/kathan/Kathan/Kavia_AI/New_Clone/graphnode-backend-api/data/b2c/12517/b7315ij/entservices-apis-12517/apis/PackageManager/IAppPackageManager.h
2025-11-27 19:49:02,506 - Knowledge - INFO - Worker kw3 processing /home/kathan/Kathan/Kavia_AI/New_Clone/graphnode-backend-api/data/b2c/12517/b7315ij/entservices-apis-12517/apis/SharedStorage/ISharedStorage.h
2025-11-27 19:49:02,506 - Knowledge - INFO - Fast-tracked /home/kathan/Kathan/Kavia_AI/New_Clone/graphnode-backend-api/data/b2c/12517/b7315ij/entservices-apis-12517/apis/Cobalt/IDictionary.h (small file (2514 bytes))
2025-11-27 19:49:02,512 - Knowledge - INFO - Worker kw14 processing /home/kathan/Kathan/Kavia_AI/New_Clone/graphnode-backend-api/data/b2c/12517/b7315ij/entservices-apis-12517/docs/apis_legacy/SystemAudioPlayerPlugin.md
2025-11-27 19:49:02,525 - Knowledge - INFO - Worker kw10 processing /home/kathan/Kathan/Kavia_AI/New_Clone/graphnode-backend-api/data/b2c/12517/b7315ij/entservices-apis-12517/docs/apis/HdmiCecSource.md
2025-11-27 19:49:02,526 - Knowledge - INFO - Fast-tracked /home/kathan/Kathan/Kavia_AI/New_Clone/graphnode-backend-api/data/b2c/12517/b7315ij/entservices-apis-12517/docs/apis_legacy/SharedStoragePlugin.md (ext=.md, size=14443)
2025-11-27 19:49:02,526 - Knowledge - INFO - Worker kw2 processing /home/kathan/Kathan/Kavia_AI/New_Clone/graphnode-backend-api/data/b2c/12517/b7315ij/entservices-apis-12517/apis/AppManager/IAppManager.h
2025-11-27 19:49:02,527 - Knowledge - INFO - Worker kw6 processing /home/kathan/Kathan/Kavia_AI/New_Clone/graphnode-backend-api/data/b2c/12517/b7315ij/entservices-apis-12517/apis/PlayerInfo/IDolby.h
2025-11-27 19:49:02,527 - Knowledge - INFO - Worker kw7 processing /home/kathan/Kathan/Kavia_AI/New_Clone/graphnode-backend-api/data/b2c/12517/b7315ij/entservices-apis-12517/docs/overview/_sidebar.md
2025-11-27 19:49:02,528 - Knowledge - INFO - Fast-tracked /home/kathan/Kathan/Kavia_AI/New_Clone/graphnode-backend-api/data/b2c/12517/b7315ij/entservices-apis-12517/docs/apis_legacy/UserSettingsPlugin.md (ext=.md, size=46659)
2025-11-27 19:49:02,532 - Knowledge - INFO - Worker kw17 processing /home/kathan/Kathan/Kavia_AI/New_Clone/graphnode-backend-api/data/b2c/12517/b7315ij/entservices-apis-12517/tools/md_generator/h2md/header_file_parser.py
2025-11-27 19:49:02,540 - Knowledge - INFO - Worker kw19 processing /home/kathan/Kathan/Kavia_AI/New_Clone/graphnode-backend-api/data/b2c/12517/b7315ij/entservices-apis-12517/tools/json_generator/output/AppManager/AppManager.json
2025-11-27 19:49:02,541 - Knowledge - INFO - Worker kw13 processing /home/kathan/Kathan/Kavia_AI/New_Clone/graphnode-backend-api/data/b2c/12517/b7315ij/entservices-apis-12517/docs/apis_legacy/LEDControlPlugin.md
2025-11-27 19:49:02,545 - Knowledge - INFO - Fast-tracked /home/kathan/Kathan/Kavia_AI/New_Clone/graphnode-backend-api/data/b2c/12517/b7315ij/entservices-apis-12517/docs/apis/MotionDetectionPlugin.md (ext=.md, size=19642)
2025-11-27 19:49:02,546 - Knowledge - INFO - Worker kw12 processing /home/kathan/Kathan/Kavia_AI/New_Clone/graphnode-backend-api/data/b2c/12517/b7315ij/entservices-apis-12517/docs/apis_legacy/DisplayInfoPlugin.md
2025-11-27 19:49:02,547 - Knowledge - INFO - Fast-tracked /home/kathan/Kathan/Kavia_AI/New_Clone/graphnode-backend-api/data/b2c/12517/b7315ij/entservices-apis-12517/tools/json_generator/output/Miracast/MiracastServicePlugin.json (ext=.json, size=582)
2025-11-27 19:49:02,547 - Knowledge - INFO - Worker kw9 processing /home/kathan/Kathan/Kavia_AI/New_Clone/graphnode-backend-api/data/b2c/12517/b7315ij/entservices-apis-12517/docs/apis/NetflixPlugin.md
2025-11-27 19:49:02,548 - Knowledge - INFO - Worker kw18 processing /home/kathan/Kathan/Kavia_AI/New_Clone/graphnode-backend-api/data/b2c/12517/b7315ij/entservices-apis-12517/tools/json_generator/output/HdmiCecSource/HdmiCecSource.json
2025-11-27 19:49:02,549 - Knowledge - INFO - Fast-tracked /home/kathan/Kathan/Kavia_AI/New_Clone/graphnode-backend-api/data/b2c/12517/b7315ij/entservices-apis-12517/docs/apis/BluetoothPlugin.md (ext=.md, size=50299)
2025-11-27 19:49:02,551 - Knowledge - INFO - Fast-tracked /home/kathan/Kathan/Kavia_AI/New_Clone/graphnode-backend-api/data/b2c/12517/b7315ij/entservices-apis-12517/tools/json_generator/output/HdmiCecSource/HdmiCecSource.json (ext=.json, size=13413)
2025-11-27 19:49:02,558 - Knowledge - INFO - Fast-tracked /home/kathan/Kathan/Kavia_AI/New_Clone/graphnode-backend-api/data/b2c/12517/b7315ij/entservices-apis-12517/docs/apis_legacy/SystemAudioPlayerPlugin.md (ext=.md, size=20195)
2025-11-27 19:49:02,576 - Knowledge - INFO - Worker kw15 processing /home/kathan/Kathan/Kavia_AI/New_Clone/graphnode-backend-api/data/b2c/12517/b7315ij/entservices-apis-12517/docs/apis_legacy/TextToSpeechPlugin.md
2025-11-27 19:49:02,576 - Knowledge - INFO - Fast-tracked /home/kathan/Kathan/Kavia_AI/New_Clone/graphnode-backend-api/data/b2c/12517/b7315ij/entservices-apis-12517/docs/apis/HdmiCecSource.md (ext=.md, size=19411)
2025-11-27 19:49:02,588 - Knowledge - INFO - Worker kw3 processing /home/kathan/Kathan/Kavia_AI/New_Clone/graphnode-backend-api/data/b2c/12517/b7315ij/entservices-apis-12517/apis/AVInput/IAVInput.h
2025-11-27 19:49:02,596 - Knowledge - INFO - Fast-tracked /home/kathan/Kathan/Kavia_AI/New_Clone/graphnode-backend-api/data/b2c/12517/b7315ij/entservices-apis-12517/docs/overview/_sidebar.md (ext=.md, size=309)
2025-11-27 19:49:02,598 - Knowledge - INFO - Worker kw16 processing /home/kathan/Kathan/Kavia_AI/New_Clone/graphnode-backend-api/data/b2c/12517/b7315ij/entservices-apis-12517/README.md
2025-11-27 19:49:02,612 - Knowledge - INFO - Fast-tracked /home/kathan/Kathan/Kavia_AI/New_Clone/graphnode-backend-api/data/b2c/12517/b7315ij/entservices-apis-12517/tools/json_generator/output/AppManager/AppManager.json (ext=.json, size=17387)
2025-11-27 19:49:02,614 - Knowledge - INFO - Fast-tracked /home/kathan/Kathan/Kavia_AI/New_Clone/graphnode-backend-api/data/b2c/12517/b7315ij/entservices-apis-12517/docs/apis_legacy/LEDControlPlugin.md (ext=.md, size=4494)
2025-11-27 19:49:02,619 - Knowledge - INFO - Worker kw2 processing /home/kathan/Kathan/Kavia_AI/New_Clone/graphnode-backend-api/data/b2c/12517/b7315ij/entservices-apis-12517/apis/StateControl/StateControl.json
2025-11-27 19:49:02,624 - Knowledge - INFO - Worker kw8 processing /home/kathan/Kathan/Kavia_AI/New_Clone/graphnode-backend-api/data/b2c/12517/b7315ij/entservices-apis-12517/docs/apis/LinearPlaybackControlPlugin.md
2025-11-27 19:49:02,626 - Knowledge - INFO - Worker kw6 processing /home/kathan/Kathan/Kavia_AI/New_Clone/graphnode-backend-api/data/b2c/12517/b7315ij/entservices-apis-12517/apis/PlayerInfo/IPlayerInfo.h
2025-11-27 19:49:02,635 - Knowledge - INFO - Fast-tracked /home/kathan/Kathan/Kavia_AI/New_Clone/graphnode-backend-api/data/b2c/12517/b7315ij/entservices-apis-12517/docs/apis_legacy/DisplayInfoPlugin.md (ext=.md, size=16858)
2025-11-27 19:49:02,642 - Knowledge - INFO - Worker kw20 processing /home/kathan/Kathan/Kavia_AI/New_Clone/graphnode-backend-api/data/b2c/12517/b7315ij/entservices-apis-12517/tools/json_generator/output/Miracast/MiracastService/MiracastService.json
2025-11-27 19:49:02,654 - Knowledge - INFO - Fast-tracked /home/kathan/Kathan/Kavia_AI/New_Clone/graphnode-backend-api/data/b2c/12517/b7315ij/entservices-apis-12517/docs/apis/NetflixPlugin.md (ext=.md, size=8967)
2025-11-27 19:49:02,655 - Knowledge - INFO - Worker kw11 processing /home/kathan/Kathan/Kavia_AI/New_Clone/graphnode-backend-api/data/b2c/12517/b7315ij/entservices-apis-12517/docs/apis/NativeJS.md
2025-11-27 19:49:02,661 - Knowledge - INFO - Worker kw18 processing /home/kathan/Kathan/Kavia_AI/New_Clone/graphnode-backend-api/data/b2c/12517/b7315ij/entservices-apis-12517/tools/json_generator/output/RDKWindowManager/RDKWindowManager.json
2025-11-27 19:49:02,662 - Knowledge - INFO - Worker kw14 processing /home/kathan/Kathan/Kavia_AI/New_Clone/graphnode-backend-api/data/b2c/12517/b7315ij/entservices-apis-12517/docs/apis_legacy/WebKitBrowserPlugin.md
2025-11-27 19:49:02,664 - Knowledge - INFO - Fast-tracked /home/kathan/Kathan/Kavia_AI/New_Clone/graphnode-backend-api/data/b2c/12517/b7315ij/entservices-apis-12517/docs/apis_legacy/TextToSpeechPlugin.md (ext=.md, size=25304)
2025-11-27 19:49:02,669 - Knowledge - INFO - Worker kw10 processing /home/kathan/Kathan/Kavia_AI/New_Clone/graphnode-backend-api/data/b2c/12517/b7315ij/entservices-apis-12517/docs/apis/SystemPlugin.md
2025-11-27 19:49:02,671 - Knowledge - INFO - Worker kw17 processing /home/kathan/Kathan/Kavia_AI/New_Clone/graphnode-backend-api/data/b2c/12517/b7315ij/entservices-apis-12517/tools/md_generator/h2md/generate_md_from_header.py
2025-11-27 19:49:02,679 - Knowledge - INFO - Worker kw5 processing /home/kathan/Kathan/Kavia_AI/New_Clone/graphnode-backend-api/data/b2c/12517/b7315ij/entservices-apis-12517/apis/PackageManager/IPackageManager.h
2025-11-27 19:49:02,689 - Knowledge - INFO - Worker kw7 processing /home/kathan/Kathan/Kavia_AI/New_Clone/graphnode-backend-api/data/b2c/12517/b7315ij/entservices-apis-12517/docs/overview/arch.md
2025-11-27 19:49:02,697 - Knowledge - INFO - Fast-tracked /home/kathan/Kathan/Kavia_AI/New_Clone/graphnode-backend-api/data/b2c/12517/b7315ij/entservices-apis-12517/README.md (ext=.md, size=9519)
2025-11-27 19:49:02,700 - Knowledge - INFO - Worker kw19 processing /home/kathan/Kathan/Kavia_AI/New_Clone/graphnode-backend-api/data/b2c/12517/b7315ij/entservices-apis-12517/tools/json_generator/output/SystemServices/SystemPlugin.json
2025-11-27 19:49:02,705 - Knowledge - INFO - Worker kw3 processing /home/kathan/Kathan/Kavia_AI/New_Clone/graphnode-backend-api/data/b2c/12517/b7315ij/entservices-apis-12517/apis/common.json
2025-11-27 19:49:02,707 - Knowledge - INFO - Worker kw13 processing /home/kathan/Kathan/Kavia_AI/New_Clone/graphnode-backend-api/data/b2c/12517/b7315ij/entservices-apis-12517/docs/apis_legacy/USBMassStoragePlugin.md
2025-11-27 19:49:02,713 - Knowledge - INFO - Fast-tracked /home/kathan/Kathan/Kavia_AI/New_Clone/graphnode-backend-api/data/b2c/12517/b7315ij/entservices-apis-12517/docs/apis/LinearPlaybackControlPlugin.md (ext=.md, size=9935)
2025-11-27 19:49:02,714 - Knowledge - INFO - Fast-tracked /home/kathan/Kathan/Kavia_AI/New_Clone/graphnode-backend-api/data/b2c/12517/b7315ij/entservices-apis-12517/apis/StateControl/StateControl.json (ext=.json, size=948)
2025-11-27 19:49:02,715 - Knowledge - INFO - Worker kw12 processing /home/kathan/Kathan/Kavia_AI/New_Clone/graphnode-backend-api/data/b2c/12517/b7315ij/entservices-apis-12517/docs/apis_legacy/RDKWindowManagerPlugin.md
2025-11-27 19:49:02,722 - Knowledge - INFO - Fast-tracked /home/kathan/Kathan/Kavia_AI/New_Clone/graphnode-backend-api/data/b2c/12517/b7315ij/entservices-apis-12517/tools/json_generator/output/Miracast/MiracastService/MiracastService.json (ext=.json, size=7545)
2025-11-27 19:49:02,727 - Knowledge - INFO - Worker kw9 processing /home/kathan/Kathan/Kavia_AI/New_Clone/graphnode-backend-api/data/b2c/12517/b7315ij/entservices-apis-12517/docs/apis/PackageManager.md
2025-11-27 19:49:02,728 - Knowledge - INFO - Fast-tracked /home/kathan/Kathan/Kavia_AI/New_Clone/graphnode-backend-api/data/b2c/12517/b7315ij/entservices-apis-12517/docs/apis/NativeJS.md (ext=.md, size=6418)
2025-11-27 19:49:02,730 - Knowledge - INFO - Fast-tracked /home/kathan/Kathan/Kavia_AI/New_Clone/graphnode-backend-api/data/b2c/12517/b7315ij/entservices-apis-12517/tools/json_generator/output/RDKWindowManager/RDKWindowManager.json (ext=.json, size=25269)
2025-11-27 19:49:02,731 - Knowledge - INFO - Worker kw15 processing /home/kathan/Kathan/Kavia_AI/New_Clone/graphnode-backend-api/data/b2c/12517/b7315ij/entservices-apis-12517/docs/apis_legacy/MaintenanceManagerPlugin.md
2025-11-27 19:49:02,731 - Knowledge - INFO - Fast-tracked /home/kathan/Kathan/Kavia_AI/New_Clone/graphnode-backend-api/data/b2c/12517/b7315ij/entservices-apis-12517/docs/apis_legacy/WebKitBrowserPlugin.md (ext=.md, size=20378)
2025-11-27 19:49:02,732 - Knowledge - INFO - Fast-tracked /home/kathan/Kathan/Kavia_AI/New_Clone/graphnode-backend-api/data/b2c/12517/b7315ij/entservices-apis-12517/docs/apis/SystemPlugin.md (ext=.md, size=92711)
2025-11-27 19:49:02,733 - Knowledge - INFO - Fast-tracked /home/kathan/Kathan/Kavia_AI/New_Clone/graphnode-backend-api/data/b2c/12517/b7315ij/entservices-apis-12517/docs/overview/arch.md (ext=.md, size=62)
2025-11-27 19:49:02,734 - Knowledge - INFO - Worker kw16 processing /home/kathan/Kathan/Kavia_AI/New_Clone/graphnode-backend-api/data/b2c/12517/b7315ij/entservices-apis-12517/CMakeLists.txt
2025-11-27 19:49:02,734 - Knowledge - INFO - Fast-tracked /home/kathan/Kathan/Kavia_AI/New_Clone/graphnode-backend-api/data/b2c/12517/b7315ij/entservices-apis-12517/tools/json_generator/output/SystemServices/SystemPlugin.json (ext=.json, size=515)
2025-11-27 19:49:02,734 - Knowledge - INFO - Fast-tracked /home/kathan/Kathan/Kavia_AI/New_Clone/graphnode-backend-api/data/b2c/12517/b7315ij/entservices-apis-12517/apis/common.json (ext=.json, size=4372)
2025-11-27 19:49:02,736 - Knowledge - INFO - Fast-tracked /home/kathan/Kathan/Kavia_AI/New_Clone/graphnode-backend-api/data/b2c/12517/b7315ij/entservices-apis-12517/docs/apis_legacy/USBMassStoragePlugin.md (ext=.md, size=8690)
2025-11-27 19:49:02,736 - Knowledge - INFO - Worker kw8 processing /home/kathan/Kathan/Kavia_AI/New_Clone/graphnode-backend-api/data/b2c/12517/b7315ij/entservices-apis-12517/docs/apis/SharedStorage.md
2025-11-27 19:49:02,737 - Knowledge - INFO - Fast-tracked /home/kathan/Kathan/Kavia_AI/New_Clone/graphnode-backend-api/data/b2c/12517/b7315ij/entservices-apis-12517/docs/apis/SharedStorage.md (ext=.md, size=14487)
2025-11-27 19:49:02,739 - Knowledge - INFO - Worker kw20 processing /home/kathan/Kathan/Kavia_AI/New_Clone/graphnode-backend-api/data/b2c/12517/b7315ij/entservices-apis-12517/tools/json_generator/output/Miracast/MiracastPlayer/MiracastPlayer.json
2025-11-27 19:49:02,742 - Knowledge - INFO - Fast-tracked /home/kathan/Kathan/Kavia_AI/New_Clone/graphnode-backend-api/data/b2c/12517/b7315ij/entservices-apis-12517/docs/apis_legacy/RDKWindowManagerPlugin.md (ext=.md, size=26970)
2025-11-27 19:49:02,743 - Knowledge - INFO - Worker kw17 processing /home/kathan/Kathan/Kavia_AI/New_Clone/graphnode-backend-api/data/b2c/12517/b7315ij/entservices-apis-12517/tools/md_generator/h2md/README.md
2025-11-27 19:49:02,745 - Knowledge - INFO - Worker kw5 processing /home/kathan/Kathan/Kavia_AI/New_Clone/graphnode-backend-api/data/b2c/12517/b7315ij/entservices-apis-12517/apis/PackageManager/README.md
2025-11-27 19:49:02,749 - Knowledge - INFO - Fast-tracked /home/kathan/Kathan/Kavia_AI/New_Clone/graphnode-backend-api/data/b2c/12517/b7315ij/entservices-apis-12517/docs/apis/PackageManager.md (ext=.md, size=37074)
2025-11-27 19:49:02,759 - Knowledge - INFO - Worker kw11 processing /home/kathan/Kathan/Kavia_AI/New_Clone/graphnode-backend-api/data/b2c/12517/b7315ij/entservices-apis-12517/docs/apis/UserSettings.md
2025-11-27 19:49:02,785 - Knowledge - INFO - Worker kw18 processing /home/kathan/Kathan/Kavia_AI/New_Clone/graphnode-backend-api/data/b2c/12517/b7315ij/entservices-apis-12517/tools/json_generator/output/RDKWindowManager/RDKWindowManagerPlugin.json
2025-11-27 19:49:02,812 - Knowledge - INFO - Fast-tracked /home/kathan/Kathan/Kavia_AI/New_Clone/graphnode-backend-api/data/b2c/12517/b7315ij/entservices-apis-12517/docs/apis_legacy/MaintenanceManagerPlugin.md (ext=.md, size=11072)
2025-11-27 19:49:02,819 - Knowledge - INFO - Worker kw14 processing /home/kathan/Kathan/Kavia_AI/New_Clone/graphnode-backend-api/data/b2c/12517/b7315ij/entservices-apis-12517/docs/apis_legacy/DeviceIdentificationPlugin.md
2025-11-27 19:49:02,838 - Knowledge - INFO - Worker kw10 processing /home/kathan/Kathan/Kavia_AI/New_Clone/graphnode-backend-api/data/b2c/12517/b7315ij/entservices-apis-12517/docs/apis/USBDevice.md
2025-11-27 19:49:02,845 - Knowledge - INFO - Worker kw7 processing /home/kathan/Kathan/Kavia_AI/New_Clone/graphnode-backend-api/data/b2c/12517/b7315ij/entservices-apis-12517/docs/overview/aat.md
2025-11-27 19:49:02,849 - Knowledge - INFO - Worker kw19 processing /home/kathan/Kathan/Kavia_AI/New_Clone/graphnode-backend-api/data/b2c/12517/b7315ij/entservices-apis-12517/tools/json_generator/output/SystemServices/System.json
2025-11-27 19:49:02,851 - Knowledge - INFO - Fast-tracked /home/kathan/Kathan/Kavia_AI/New_Clone/graphnode-backend-api/data/b2c/12517/b7315ij/entservices-apis-12517/CMakeLists.txt (ext=.txt, size=3636)
2025-11-27 19:49:02,866 - Knowledge - INFO - Worker kw13 processing /home/kathan/Kathan/Kavia_AI/New_Clone/graphnode-backend-api/data/b2c/12517/b7315ij/entservices-apis-12517/docs/apis_legacy/OCIContainerPlugin.md
2025-11-27 19:49:02,877 - Knowledge - INFO - Worker kw8 processing /home/kathan/Kathan/Kavia_AI/New_Clone/graphnode-backend-api/data/b2c/12517/b7315ij/entservices-apis-12517/docs/apis/TextToSpeechPlugin.md
2025-11-27 19:49:02,886 - Knowledge - INFO - Fast-tracked /home/kathan/Kathan/Kavia_AI/New_Clone/graphnode-backend-api/data/b2c/12517/b7315ij/entservices-apis-12517/tools/json_generator/output/Miracast/MiracastPlayer/MiracastPlayer.json (ext=.json, size=20037)
2025-11-27 19:49:02,886 - Knowledge - INFO - Worker kw20 processing /home/kathan/Kathan/Kavia_AI/New_Clone/graphnode-backend-api/data/b2c/12517/b7315ij/entservices-apis-12517/tools/json_generator/output/Packager/PackagerPlugin.json
2025-11-27 19:49:02,889 - Knowledge - INFO - Fast-tracked /home/kathan/Kathan/Kavia_AI/New_Clone/graphnode-backend-api/data/b2c/12517/b7315ij/entservices-apis-12517/tools/json_generator/output/Packager/PackagerPlugin.json (ext=.json, size=514)
2025-11-27 19:49:02,891 - Knowledge - INFO - Fast-tracked /home/kathan/Kathan/Kavia_AI/New_Clone/graphnode-backend-api/data/b2c/12517/b7315ij/entservices-apis-12517/apis/PackageManager/README.md (ext=.md, size=306)
2025-11-27 19:49:02,892 - Knowledge - INFO - Worker kw9 processing /home/kathan/Kathan/Kavia_AI/New_Clone/graphnode-backend-api/data/b2c/12517/b7315ij/entservices-apis-12517/docs/apis/PlayerInfo.md
2025-11-27 19:49:02,895 - Knowledge - INFO - Fast-tracked /home/kathan/Kathan/Kavia_AI/New_Clone/graphnode-backend-api/data/b2c/12517/b7315ij/entservices-apis-12517/docs/apis/UserSettings.md (ext=.md, size=55941)
2025-11-27 19:49:02,913 - Knowledge - INFO - Worker kw15 processing /home/kathan/Kathan/Kavia_AI/New_Clone/graphnode-backend-api/data/b2c/12517/b7315ij/entservices-apis-12517/docs/apis_legacy/ResourceManagerPlugin.md
2025-11-27 19:49:02,922 - Knowledge - INFO - Fast-tracked /home/kathan/Kathan/Kavia_AI/New_Clone/graphnode-backend-api/data/b2c/12517/b7315ij/entservices-apis-12517/tools/json_generator/output/RDKWindowManager/RDKWindowManagerPlugin.json (ext=.json, size=539)
2025-11-27 19:49:02,938 - Knowledge - INFO - Fast-tracked /home/kathan/Kathan/Kavia_AI/New_Clone/graphnode-backend-api/data/b2c/12517/b7315ij/entservices-apis-12517/docs/apis_legacy/DeviceIdentificationPlugin.md (ext=.md, size=2562)
2025-11-27 19:49:02,962 - Knowledge - INFO - Fast-tracked /home/kathan/Kathan/Kavia_AI/New_Clone/graphnode-backend-api/data/b2c/12517/b7315ij/entservices-apis-12517/docs/apis/USBDevice.md (ext=.md, size=12619)
2025-11-27 19:49:02,968 - Knowledge - INFO - Fast-tracked /home/kathan/Kathan/Kavia_AI/New_Clone/graphnode-backend-api/data/b2c/12517/b7315ij/entservices-apis-12517/docs/overview/aat.md (ext=.md, size=1734)
2025-11-27 19:49:02,971 - Knowledge - INFO - Worker kw16 processing /home/kathan/Kathan/Kavia_AI/New_Clone/graphnode-backend-api/data/b2c/12517/b7315ij/entservices-apis-12517/governance.md
2025-11-27 19:49:02,976 - Knowledge - INFO - Fast-tracked /home/kathan/Kathan/Kavia_AI/New_Clone/graphnode-backend-api/data/b2c/12517/b7315ij/entservices-apis-12517/tools/json_generator/output/SystemServices/System.json (ext=.json, size=86387)
2025-11-27 19:49:02,984 - Knowledge - INFO - Fast-tracked /home/kathan/Kathan/Kavia_AI/New_Clone/graphnode-backend-api/data/b2c/12517/b7315ij/entservices-apis-12517/docs/apis/TextToSpeechPlugin.md (ext=.md, size=25304)
2025-11-27 19:49:02,986 - Knowledge - INFO - Fast-tracked /home/kathan/Kathan/Kavia_AI/New_Clone/graphnode-backend-api/data/b2c/12517/b7315ij/entservices-apis-12517/docs/apis_legacy/OCIContainerPlugin.md (ext=.md, size=26734)
2025-11-27 19:49:02,993 - Knowledge - INFO - Worker kw12 processing /home/kathan/Kathan/Kavia_AI/New_Clone/graphnode-backend-api/data/b2c/12517/b7315ij/entservices-apis-12517/docs/apis_legacy/FrontPanelPlugin.md
2025-11-27 19:49:03,019 - Knowledge - INFO - Fast-tracked /home/kathan/Kathan/Kavia_AI/New_Clone/graphnode-backend-api/data/b2c/12517/b7315ij/entservices-apis-12517/tools/md_generator/h2md/README.md (ext=.md, size=21061)
2025-11-27 19:49:03,023 - Knowledge - INFO - Worker kw20 processing /home/kathan/Kathan/Kavia_AI/New_Clone/graphnode-backend-api/data/b2c/12517/b7315ij/entservices-apis-12517/tools/json_generator/output/Packager/Packager.json
2025-11-27 19:49:03,043 - Knowledge - INFO - Fast-tracked /home/kathan/Kathan/Kavia_AI/New_Clone/graphnode-backend-api/data/b2c/12517/b7315ij/entservices-apis-12517/docs/apis/PlayerInfo.md (ext=.md, size=9248)
2025-11-27 19:49:03,048 - Knowledge - INFO - Worker kw11 processing /home/kathan/Kathan/Kavia_AI/New_Clone/graphnode-backend-api/data/b2c/12517/b7315ij/entservices-apis-12517/docs/apis/SystemMode.md
2025-11-27 19:49:03,053 - Knowledge - INFO - Fast-tracked /home/kathan/Kathan/Kavia_AI/New_Clone/graphnode-backend-api/data/b2c/12517/b7315ij/entservices-apis-12517/docs/apis_legacy/ResourceManagerPlugin.md (ext=.md, size=5184)
2025-11-27 19:49:03,062 - Knowledge - INFO - Worker kw18 processing /home/kathan/Kathan/Kavia_AI/New_Clone/graphnode-backend-api/data/b2c/12517/b7315ij/entservices-apis-12517/tools/json_generator/output/PersistentStore/PersistentStore.json
2025-11-27 19:49:03,062 - Knowledge - INFO - Worker kw14 processing /home/kathan/Kathan/Kavia_AI/New_Clone/graphnode-backend-api/data/b2c/12517/b7315ij/entservices-apis-12517/docs/apis_legacy/XCastPlugin.md
2025-11-27 19:49:03,064 - Knowledge - INFO - Fast-tracked /home/kathan/Kathan/Kavia_AI/New_Clone/graphnode-backend-api/data/b2c/12517/b7315ij/entservices-apis-12517/docs/apis_legacy/XCastPlugin.md (ext=.md, size=26306)
2025-11-27 19:49:03,071 - Knowledge - INFO - Worker kw7 processing /home/kathan/Kathan/Kavia_AI/New_Clone/graphnode-backend-api/data/b2c/12517/b7315ij/entservices-apis-12517/docs/apis_legacy/UserPreferencesPlugin.md
2025-11-27 19:49:03,081 - Knowledge - INFO - Fast-tracked /home/kathan/Kathan/Kavia_AI/New_Clone/graphnode-backend-api/data/b2c/12517/b7315ij/entservices-apis-12517/governance.md (ext=.md, size=15044)
2025-11-27 19:49:03,090 - Knowledge - INFO - Worker kw19 processing /home/kathan/Kathan/Kavia_AI/New_Clone/graphnode-backend-api/data/b2c/12517/b7315ij/entservices-apis-12517/tools/json_generator/output/VoiceControl/VoiceControlPlugin.json
2025-11-27 19:49:03,094 - Knowledge - INFO - Worker kw8 processing /home/kathan/Kathan/Kavia_AI/New_Clone/graphnode-backend-api/data/b2c/12517/b7315ij/entservices-apis-12517/docs/apis/MaintenanceManagerPlugin.md
2025-11-27 19:49:03,098 - Knowledge - INFO - Worker kw13 processing /home/kathan/Kathan/Kavia_AI/New_Clone/graphnode-backend-api/data/b2c/12517/b7315ij/entservices-apis-12517/docs/apis_legacy/RemoteControlPlugin.md
2025-11-27 19:49:03,105 - Knowledge - INFO - Fast-tracked /home/kathan/Kathan/Kavia_AI/New_Clone/graphnode-backend-api/data/b2c/12517/b7315ij/entservices-apis-12517/docs/apis_legacy/FrontPanelPlugin.md (ext=.md, size=9196)
2025-11-27 19:49:03,105 - Knowledge - INFO - Worker kw17 processing /home/kathan/Kathan/Kavia_AI/New_Clone/graphnode-backend-api/data/b2c/12517/b7315ij/entservices-apis-12517/tools/md_generator/h2md/logger.py
2025-11-27 19:49:03,110 - Knowledge - INFO - Fast-tracked /home/kathan/Kathan/Kavia_AI/New_Clone/graphnode-backend-api/data/b2c/12517/b7315ij/entservices-apis-12517/tools/json_generator/output/Packager/Packager.json (ext=.json, size=2365)
2025-11-27 19:49:03,120 - Knowledge - INFO - Worker kw9 processing /home/kathan/Kathan/Kavia_AI/New_Clone/graphnode-backend-api/data/b2c/12517/b7315ij/entservices-apis-12517/docs/apis/AppGateway.md
2025-11-27 19:49:03,137 - Knowledge - INFO - Fast-tracked /home/kathan/Kathan/Kavia_AI/New_Clone/graphnode-backend-api/data/b2c/12517/b7315ij/entservices-apis-12517/docs/apis/SystemMode.md (ext=.md, size=6060)
2025-11-27 19:49:03,143 - Knowledge - INFO - Worker kw15 processing /home/kathan/Kathan/Kavia_AI/New_Clone/graphnode-backend-api/data/b2c/12517/b7315ij/entservices-apis-12517/docs/apis_legacy/FrameRatePlugin.md
2025-11-27 19:49:03,146 - Knowledge - INFO - Fast-tracked /home/kathan/Kathan/Kavia_AI/New_Clone/graphnode-backend-api/data/b2c/12517/b7315ij/entservices-apis-12517/tools/json_generator/output/PersistentStore/PersistentStore.json (ext=.json, size=11029)
2025-11-27 19:49:03,155 - Knowledge - INFO - Worker kw10 processing /home/kathan/Kathan/Kavia_AI/New_Clone/graphnode-backend-api/data/b2c/12517/b7315ij/entservices-apis-12517/docs/apis/LEDControl.md
2025-11-27 19:49:03,162 - Knowledge - INFO - Processing batch of 12 files
2025-11-27 19:49:03,164 - Knowledge - INFO - Fast-tracked /home/kathan/Kathan/Kavia_AI/New_Clone/graphnode-backend-api/data/b2c/12517/b7315ij/entservices-apis-12517/docs/apis_legacy/UserPreferencesPlugin.md (ext=.md, size=3592)
2025-11-27 19:49:03,164 - Knowledge - INFO - Worker kw16 processing /home/kathan/Kathan/Kavia_AI/New_Clone/graphnode-backend-api/data/b2c/12517/b7315ij/entservices-apis-12517/tools/md_generator/json2md/global.json
2025-11-27 19:49:03,180 - Knowledge - INFO - Fast-tracked /home/kathan/Kathan/Kavia_AI/New_Clone/graphnode-backend-api/data/b2c/12517/b7315ij/entservices-apis-12517/docs/apis/MaintenanceManagerPlugin.md (ext=.md, size=11072)
2025-11-27 19:49:03,181 - Knowledge - INFO - Fast-tracked /home/kathan/Kathan/Kavia_AI/New_Clone/graphnode-backend-api/data/b2c/12517/b7315ij/entservices-apis-12517/tools/json_generator/output/VoiceControl/VoiceControlPlugin.json (ext=.json, size=477)
2025-11-27 19:49:03,186 - Knowledge - INFO - Fast-tracked /home/kathan/Kathan/Kavia_AI/New_Clone/graphnode-backend-api/data/b2c/12517/b7315ij/entservices-apis-12517/docs/apis_legacy/RemoteControlPlugin.md (ext=.md, size=30499)
2025-11-27 19:49:03,194 - Knowledge - INFO - Processing batch of 12 files
2025-11-27 19:49:03,199 - Knowledge - INFO - Worker kw20 processing /home/kathan/Kathan/Kavia_AI/New_Clone/graphnode-backend-api/data/b2c/12517/b7315ij/entservices-apis-12517/tools/json_generator/output/Analytics/Analytics.json
2025-11-27 19:49:03,207 - Knowledge - INFO - Fast-tracked /home/kathan/Kathan/Kavia_AI/New_Clone/graphnode-backend-api/data/b2c/12517/b7315ij/entservices-apis-12517/tools/md_generator/h2md/logger.py (small file (2498 bytes))
2025-11-27 19:49:03,207 - Knowledge - INFO - Fast-tracked /home/kathan/Kathan/Kavia_AI/New_Clone/graphnode-backend-api/data/b2c/12517/b7315ij/entservices-apis-12517/docs/apis/AppGateway.md (ext=.md, size=2547)
2025-11-27 19:49:03,216 - Knowledge - INFO - Worker kw11 processing /home/kathan/Kathan/Kavia_AI/New_Clone/graphnode-backend-api/data/b2c/12517/b7315ij/entservices-apis-12517/docs/apis/OpenCDMiPlugin.md
2025-11-27 19:49:03,218 - Knowledge - INFO - Fast-tracked /home/kathan/Kathan/Kavia_AI/New_Clone/graphnode-backend-api/data/b2c/12517/b7315ij/entservices-apis-12517/docs/apis_legacy/FrameRatePlugin.md (ext=.md, size=10773)
2025-11-27 19:49:03,221 - Knowledge - INFO - Worker kw18 processing /home/kathan/Kathan/Kavia_AI/New_Clone/graphnode-backend-api/data/b2c/12517/b7315ij/entservices-apis-12517/tools/json_generator/output/PersistentStore/PersistentStorePlugin.json
2025-11-27 19:49:03,226 - Knowledge - INFO - process ingested knowledge for /home/kathan/Kathan/Kavia_AI/New_Clone/graphnode-backend-api/data/b2c/12517/b7315ij/entservices-apis-12517/docs/apis_legacy/RDKShellPlugin.md
2025-11-27 19:49:03,229 - Knowledge - INFO - Fast-tracked /home/kathan/Kathan/Kavia_AI/New_Clone/graphnode-backend-api/data/b2c/12517/b7315ij/entservices-apis-12517/docs/apis/LEDControl.md (ext=.md, size=5080)
2025-11-27 19:49:03,231 - Knowledge - INFO - Worker kw7 processing /home/kathan/Kathan/Kavia_AI/New_Clone/graphnode-backend-api/data/b2c/12517/b7315ij/entservices-apis-12517/docs/apis_legacy/StorageManagerPlugin.md
2025-11-27 19:49:03,240 - Knowledge - INFO - Processing batch of 15 files
2025-11-27 19:49:03,240 - Knowledge - INFO - Fast-tracked /home/kathan/Kathan/Kavia_AI/New_Clone/graphnode-backend-api/data/b2c/12517/b7315ij/entservices-apis-12517/tools/md_generator/json2md/global.json (ext=.json, size=911)
2025-11-27 19:49:03,242 - Knowledge - INFO - Worker kw19 processing /home/kathan/Kathan/Kavia_AI/New_Clone/graphnode-backend-api/data/b2c/12517/b7315ij/entservices-apis-12517/tools/json_generator/output/VoiceControl/VoiceControl.json
2025-11-27 19:49:03,246 - Knowledge - INFO - Processing batch of 12 files
2025-11-27 19:49:03,259 - Knowledge - INFO - process ingested knowledge for /home/kathan/Kathan/Kavia_AI/New_Clone/graphnode-backend-api/data/b2c/12517/b7315ij/entservices-apis-12517/docs/apis_legacy/DeviceDiagnosticsPlugin.md
2025-11-27 19:49:03,261 - Knowledge - INFO - Fast-tracked /home/kathan/Kathan/Kavia_AI/New_Clone/graphnode-backend-api/data/b2c/12517/b7315ij/entservices-apis-12517/tools/json_generator/output/Analytics/Analytics.json (ext=.json, size=4347)
2025-11-27 19:49:03,270 - Knowledge - INFO - Worker kw17 processing /home/kathan/Kathan/Kavia_AI/New_Clone/graphnode-backend-api/data/b2c/12517/b7315ij/entservices-apis-12517/tools/md_generator/h2md/markdown_templates.py
2025-11-27 19:49:03,276 - Knowledge - INFO - Worker kw9 processing /home/kathan/Kathan/Kavia_AI/New_Clone/graphnode-backend-api/data/b2c/12517/b7315ij/entservices-apis-12517/docs/apis/PowerManager.md
2025-11-27 19:49:03,284 - Knowledge - INFO - Processing batch of 12 files
2025-11-27 19:49:03,284 - Knowledge - INFO - Fast-tracked /home/kathan/Kathan/Kavia_AI/New_Clone/graphnode-backend-api/data/b2c/12517/b7315ij/entservices-apis-12517/tools/json_generator/output/PersistentStore/PersistentStorePlugin.json (ext=.json, size=512)
2025-11-27 19:49:03,287 - Knowledge - INFO - process ingested knowledge for /home/kathan/Kathan/Kavia_AI/New_Clone/graphnode-backend-api/data/b2c/12517/b7315ij/entservices-apis-12517/docs/apis_legacy/PlayerInfoPlugin.md
2025-11-27 19:49:03,289 - Knowledge - INFO - Fast-tracked /home/kathan/Kathan/Kavia_AI/New_Clone/graphnode-backend-api/data/b2c/12517/b7315ij/entservices-apis-12517/docs/apis/OpenCDMiPlugin.md (ext=.md, size=3992)
2025-11-27 19:49:03,292 - Knowledge - INFO - Worker kw10 processing /home/kathan/Kathan/Kavia_AI/New_Clone/graphnode-backend-api/data/b2c/12517/b7315ij/entservices-apis-12517/docs/apis/ScreenCapture.md
2025-11-27 19:49:03,298 - Knowledge - INFO - Fast-tracked /home/kathan/Kathan/Kavia_AI/New_Clone/graphnode-backend-api/data/b2c/12517/b7315ij/entservices-apis-12517/docs/apis_legacy/StorageManagerPlugin.md (ext=.md, size=4006)
2025-11-27 19:49:03,302 - Knowledge - INFO - process ingested knowledge for /home/kathan/Kathan/Kavia_AI/New_Clone/graphnode-backend-api/data/b2c/12517/b7315ij/entservices-apis-12517/docs/apis/Warehouse.md
2025-11-27 19:49:03,308 - Knowledge - INFO - Worker kw16 processing /home/kathan/Kathan/Kavia_AI/New_Clone/graphnode-backend-api/data/b2c/12517/b7315ij/entservices-apis-12517/tools/md_generator/json2md/generator_json.py
2025-11-27 19:49:03,316 - Knowledge - INFO - Fast-tracked /home/kathan/Kathan/Kavia_AI/New_Clone/graphnode-backend-api/data/b2c/12517/b7315ij/entservices-apis-12517/tools/json_generator/output/VoiceControl/VoiceControl.json (ext=.json, size=30265)
2025-11-27 19:49:03,316 - Knowledge - INFO - process ingested knowledge for /home/kathan/Kathan/Kavia_AI/New_Clone/graphnode-backend-api/data/b2c/12517/b7315ij/entservices-apis-12517/docs/apis_legacy/HdmiCecSourcePlugin.md
2025-11-27 19:49:03,319 - Knowledge - INFO - process ingested knowledge for /home/kathan/Kathan/Kavia_AI/New_Clone/graphnode-backend-api/data/b2c/12517/b7315ij/entservices-apis-12517/docs/apis_legacy/USBDevicePlugin.md
2025-11-27 19:49:03,325 - Knowledge - INFO - Processing batch of 10 files
2025-11-27 19:49:03,338 - Knowledge - INFO - Fast-tracked /home/kathan/Kathan/Kavia_AI/New_Clone/graphnode-backend-api/data/b2c/12517/b7315ij/entservices-apis-12517/docs/apis/PowerManager.md (ext=.md, size=29157)
2025-11-27 19:49:03,343 - Knowledge - INFO - process ingested knowledge for /home/kathan/Kathan/Kavia_AI/New_Clone/graphnode-backend-api/data/b2c/12517/b7315ij/entservices-apis-12517/docs/apis_legacy/SystemModePlugin.md
2025-11-27 19:49:03,347 - Knowledge - INFO - Worker kw18 processing /home/kathan/Kathan/Kavia_AI/New_Clone/graphnode-backend-api/data/b2c/12517/b7315ij/entservices-apis-12517/tools/json_generator/output/UnifiedCASManagement/UnifiedCASManagementPlugin.json
2025-11-27 19:49:03,355 - Knowledge - INFO - Fast-tracked /home/kathan/Kathan/Kavia_AI/New_Clone/graphnode-backend-api/data/b2c/12517/b7315ij/entservices-apis-12517/tools/json_generator/output/UnifiedCASManagement/UnifiedCASManagementPlugin.json (ext=.json, size=512)
2025-11-27 19:49:03,358 - Knowledge - INFO - Worker kw11 processing /home/kathan/Kathan/Kavia_AI/New_Clone/graphnode-backend-api/data/b2c/12517/b7315ij/entservices-apis-12517/docs/apis/HomeKitTVPlugin.md
2025-11-27 19:49:03,365 - Knowledge - INFO - Fast-tracked /home/kathan/Kathan/Kavia_AI/New_Clone/graphnode-backend-api/data/b2c/12517/b7315ij/entservices-apis-12517/docs/apis/ScreenCapture.md (ext=.md, size=3752)
2025-11-27 19:49:03,372 - Knowledge - INFO - Worker kw17 processing /home/kathan/Kathan/Kavia_AI/New_Clone/graphnode-backend-api/data/b2c/12517/b7315ij/entservices-apis-12517/tools/json_generator/output/SystemMode/SystemMode.json
2025-11-27 19:49:03,397 - Knowledge - INFO - process ingested knowledge for /home/kathan/Kathan/Kavia_AI/New_Clone/graphnode-backend-api/data/b2c/12517/b7315ij/entservices-apis-12517/docs/apis/FirmwareUpdate.md
2025-11-27 19:49:03,406 - Knowledge - INFO - Fast-tracked /home/kathan/Kathan/Kavia_AI/New_Clone/graphnode-backend-api/data/b2c/12517/b7315ij/entservices-apis-12517/tools/md_generator/json2md/generator_json.py (ext=.py, size=130707)
2025-11-27 19:49:03,414 - Knowledge - INFO - Worker kw19 processing /home/kathan/Kathan/Kavia_AI/New_Clone/graphnode-backend-api/data/b2c/12517/b7315ij/entservices-apis-12517/tools/json_generator/output/MessageControl/MessageControlPlugin.json
2025-11-27 19:49:03,415 - Knowledge - INFO - Fast-tracked /home/kathan/Kathan/Kavia_AI/New_Clone/graphnode-backend-api/data/b2c/12517/b7315ij/entservices-apis-12517/tools/json_generator/output/MessageControl/MessageControlPlugin.json (ext=.json, size=1842)
2025-11-27 19:49:03,426 - Knowledge - INFO - process ingested knowledge for /home/kathan/Kathan/Kavia_AI/New_Clone/graphnode-backend-api/data/b2c/12517/b7315ij/entservices-apis-12517/docs/apis_legacy/HdcpProfilePlugin.md
2025-11-27 19:49:03,431 - Knowledge - INFO - process ingested knowledge for /home/kathan/Kathan/Kavia_AI/New_Clone/graphnode-backend-api/data/b2c/12517/b7315ij/entservices-apis-12517/tools/json_generator/output/DisplaySettings/DisplaySettings.json
2025-11-27 19:49:03,435 - Knowledge - INFO - process ingested knowledge for /home/kathan/Kathan/Kavia_AI/New_Clone/graphnode-backend-api/data/b2c/12517/b7315ij/entservices-apis-12517/tools/json_generator/output/ResourceManager/ResourceManagerPlugin.json
2025-11-27 19:49:03,439 - Knowledge - INFO - process ingested knowledge for /home/kathan/Kathan/Kavia_AI/New_Clone/graphnode-backend-api/data/b2c/12517/b7315ij/entservices-apis-12517/docs/apis_legacy/LifecycleManagerPlugin.md
2025-11-27 19:49:03,440 - Knowledge - INFO - process ingested knowledge for /home/kathan/Kathan/Kavia_AI/New_Clone/graphnode-backend-api/data/b2c/12517/b7315ij/entservices-apis-12517/docs/apis_legacy/MiracastPlayerPlugin.md
2025-11-27 19:49:03,448 - Knowledge - INFO - Processing batch of 12 files
2025-11-27 19:49:03,452 - Knowledge - INFO - Fast-tracked /home/kathan/Kathan/Kavia_AI/New_Clone/graphnode-backend-api/data/b2c/12517/b7315ij/entservices-apis-12517/docs/apis/HomeKitTVPlugin.md (ext=.md, size=11964)
2025-11-27 19:49:03,454 - Knowledge - INFO - Processing batch of 15 files
2025-11-27 19:49:03,458 - Knowledge - INFO - process ingested knowledge for /home/kathan/Kathan/Kavia_AI/New_Clone/graphnode-backend-api/data/b2c/12517/b7315ij/entservices-apis-12517/docs/apis/FrameRate.md
2025-11-27 19:49:03,461 - Knowledge - INFO - Fast-tracked /home/kathan/Kathan/Kavia_AI/New_Clone/graphnode-backend-api/data/b2c/12517/b7315ij/entservices-apis-12517/tools/json_generator/output/SystemMode/SystemMode.json (ext=.json, size=2393)
2025-11-27 19:49:03,463 - Knowledge - INFO - process ingested knowledge for /home/kathan/Kathan/Kavia_AI/New_Clone/graphnode-backend-api/data/b2c/12517/b7315ij/entservices-apis-12517/docs/apis_legacy/SystemPlugin.md
2025-11-27 19:49:03,473 - Knowledge - INFO - Worker kw19 processing /home/kathan/Kathan/Kavia_AI/New_Clone/graphnode-backend-api/data/b2c/12517/b7315ij/entservices-apis-12517/tools/json_generator/output/DisplaySettings/DisplaySettingsPlugin.json
2025-11-27 19:49:03,475 - Knowledge - INFO - process ingested knowledge for /home/kathan/Kathan/Kavia_AI/New_Clone/graphnode-backend-api/data/b2c/12517/b7315ij/entservices-apis-12517/docs/apis_legacy/WarehousePlugin.md
2025-11-27 19:49:03,475 - Knowledge - INFO - Processing batch of 12 files
2025-11-27 19:49:03,480 - Knowledge - INFO - Processing batch of 15 files
2025-11-27 19:49:03,484 - Knowledge - INFO - process ingested knowledge for /home/kathan/Kathan/Kavia_AI/New_Clone/graphnode-backend-api/data/b2c/12517/b7315ij/entservices-apis-12517/tools/json_generator/output/ResourceManager/ResourceManager.json
2025-11-27 19:49:03,486 - Knowledge - INFO - process ingested knowledge for /home/kathan/Kathan/Kavia_AI/New_Clone/graphnode-backend-api/data/b2c/12517/b7315ij/entservices-apis-12517/docs/apis_legacy/MessageControlPlugin.md
2025-11-27 19:49:03,487 - Knowledge - INFO - process ingested knowledge for /home/kathan/Kathan/Kavia_AI/New_Clone/graphnode-backend-api/data/b2c/12517/b7315ij/entservices-apis-12517/docs/apis_legacy/BluetoothPlugin.md
2025-11-27 19:49:03,488 - Knowledge - INFO - process ingested knowledge for /home/kathan/Kathan/Kavia_AI/New_Clone/graphnode-backend-api/data/b2c/12517/b7315ij/entservices-apis-12517/tools/json_generator/output/SystemMode/SystemModePlugin.json
2025-11-27 19:49:03,493 - Knowledge - INFO - Processing batch of 15 files
2025-11-27 19:49:03,493 - Knowledge - INFO - process ingested knowledge for /home/kathan/Kathan/Kavia_AI/New_Clone/graphnode-backend-api/data/b2c/12517/b7315ij/entservices-apis-12517/docs/apis/ResourceManagerPlugin.md
2025-11-27 19:49:03,494 - Knowledge - INFO - process ingested knowledge for /home/kathan/Kathan/Kavia_AI/New_Clone/graphnode-backend-api/data/b2c/12517/b7315ij/entservices-apis-12517/docs/apis/StorageManager.md
2025-11-27 19:49:03,502 - Knowledge - INFO - process ingested knowledge for /home/kathan/Kathan/Kavia_AI/New_Clone/graphnode-backend-api/data/b2c/12517/b7315ij/entservices-apis-12517/docs/apis_legacy/ScreenCapturePlugin.md
2025-11-27 19:49:03,508 - Knowledge - INFO - process ingested knowledge for /home/kathan/Kathan/Kavia_AI/New_Clone/graphnode-backend-api/data/b2c/12517/b7315ij/entservices-apis-12517/docs/apis_legacy/TelemetryPlugin.md
2025-11-27 19:49:03,508 - Knowledge - INFO - Fast-tracked /home/kathan/Kathan/Kavia_AI/New_Clone/graphnode-backend-api/data/b2c/12517/b7315ij/entservices-apis-12517/tools/json_generator/output/DisplaySettings/DisplaySettingsPlugin.json (ext=.json, size=605)
2025-11-27 19:49:03,508 - Knowledge - INFO - process ingested knowledge for /home/kathan/Kathan/Kavia_AI/New_Clone/graphnode-backend-api/data/b2c/12517/b7315ij/entservices-apis-12517/docs/apis_legacy/AnalyticsPlugin.md
2025-11-27 19:49:03,512 - Knowledge - INFO - process ingested knowledge for /home/kathan/Kathan/Kavia_AI/New_Clone/graphnode-backend-api/data/b2c/12517/b7315ij/entservices-apis-12517/docs/apis/SystemAudioPlayerPlugin.md
2025-11-27 19:49:03,516 - Knowledge - INFO - process ingested knowledge for /home/kathan/Kathan/Kavia_AI/New_Clone/graphnode-backend-api/data/b2c/12517/b7315ij/entservices-apis-12517/tools/json_generator/output/Miracast/MiracastPlayerPlugin.json
2025-11-27 19:49:03,517 - Knowledge - INFO - process ingested knowledge for /home/kathan/Kathan/Kavia_AI/New_Clone/graphnode-backend-api/data/b2c/12517/b7315ij/entservices-apis-12517/docs/apis_legacy/MiracastServicePlugin.md
2025-11-27 19:49:03,520 - Knowledge - INFO - process ingested knowledge for /home/kathan/Kathan/Kavia_AI/New_Clone/graphnode-backend-api/data/b2c/12517/b7315ij/entservices-apis-12517/docs/apis_legacy/RemoteActionMappingPlugin.md
2025-11-27 19:49:03,526 - Knowledge - INFO - process ingested knowledge for /home/kathan/Kathan/Kavia_AI/New_Clone/graphnode-backend-api/data/b2c/12517/b7315ij/entservices-apis-12517/tools/json_generator/output/DeviceInfo/DeviceInfoPlugin.json
2025-11-27 19:49:03,534 - Knowledge - INFO - process ingested knowledge for /home/kathan/Kathan/Kavia_AI/New_Clone/graphnode-backend-api/data/b2c/12517/b7315ij/entservices-apis-12517/docs/apis/AmazonPrime.md
2025-11-27 19:49:03,536 - Knowledge - INFO - process ingested knowledge for /home/kathan/Kathan/Kavia_AI/New_Clone/graphnode-backend-api/data/b2c/12517/b7315ij/entservices-apis-12517/docs/apis/WebKitBrowser.md
2025-11-27 19:49:03,537 - Knowledge - INFO - process ingested knowledge for /home/kathan/Kathan/Kavia_AI/New_Clone/graphnode-backend-api/data/b2c/12517/b7315ij/entservices-apis-12517/docs/apis/PerformanceMetricsPlugin.md
2025-11-27 19:49:03,538 - Knowledge - INFO - process ingested knowledge for /home/kathan/Kathan/Kavia_AI/New_Clone/graphnode-backend-api/data/b2c/12517/b7315ij/entservices-apis-12517/docs/apis_legacy/HdmiCecSinkPlugin.md
2025-11-27 19:49:03,540 - Knowledge - INFO - process ingested knowledge for /home/kathan/Kathan/Kavia_AI/New_Clone/graphnode-backend-api/data/b2c/12517/b7315ij/entservices-apis-12517/docs/apis_legacy/PersistentStorePlugin.md
2025-11-27 19:49:03,544 - Knowledge - INFO - Processing batch of 12 files
2025-11-27 19:49:03,545 - Knowledge - INFO - process ingested knowledge for /home/kathan/Kathan/Kavia_AI/New_Clone/graphnode-backend-api/data/b2c/12517/b7315ij/entservices-apis-12517/docs/apis_legacy/PerformanceMetricsPlugin.md
2025-11-27 19:49:03,547 - Knowledge - INFO - process ingested knowledge for /home/kathan/Kathan/Kavia_AI/New_Clone/graphnode-backend-api/data/b2c/12517/b7315ij/entservices-apis-12517/docs/apis/Analytics.md
2025-11-27 19:49:03,557 - Knowledge - INFO - process ingested knowledge for /home/kathan/Kathan/Kavia_AI/New_Clone/graphnode-backend-api/data/b2c/12517/b7315ij/entservices-apis-12517/tools/json_generator/output/Miracast/MiracastServicePlugin.json
2025-11-27 19:49:03,564 - Knowledge - INFO - process ingested knowledge for /home/kathan/Kathan/Kavia_AI/New_Clone/graphnode-backend-api/data/b2c/12517/b7315ij/entservices-apis-12517/docs/apis_legacy/VoiceControlPlugin.md
2025-11-27 19:49:03,564 - Knowledge - INFO - process ingested knowledge for /home/kathan/Kathan/Kavia_AI/New_Clone/graphnode-backend-api/data/b2c/12517/b7315ij/entservices-apis-12517/docs/apis_legacy/FirmwareUpdatePlugin.md
2025-11-27 19:49:03,569 - Knowledge - INFO - process ingested knowledge for /home/kathan/Kathan/Kavia_AI/New_Clone/graphnode-backend-api/data/b2c/12517/b7315ij/entservices-apis-12517/tools/json_generator/output/DeviceInfo/DeviceInfo.json
2025-11-27 19:49:03,572 - Knowledge - INFO - process ingested knowledge for /home/kathan/Kathan/Kavia_AI/New_Clone/graphnode-backend-api/data/b2c/12517/b7315ij/entservices-apis-12517/docs/apis/DownloadManager.md
2025-11-27 19:49:03,577 - Knowledge - INFO - process ingested knowledge for /home/kathan/Kathan/Kavia_AI/New_Clone/graphnode-backend-api/data/b2c/12517/b7315ij/entservices-apis-12517/docs/apis/HdcpProfile.md
2025-11-27 19:49:03,578 - Knowledge - INFO - process ingested knowledge for /home/kathan/Kathan/Kavia_AI/New_Clone/graphnode-backend-api/data/b2c/12517/b7315ij/entservices-apis-12517/docs/apis/OCIContainer.md
2025-11-27 19:49:03,579 - Knowledge - INFO - process ingested knowledge for /home/kathan/Kathan/Kavia_AI/New_Clone/graphnode-backend-api/data/b2c/12517/b7315ij/entservices-apis-12517/docs/apis_legacy/DeviceInfoPlugin.md
2025-11-27 19:49:03,589 - Knowledge - INFO - process ingested knowledge for /home/kathan/Kathan/Kavia_AI/New_Clone/graphnode-backend-api/data/b2c/12517/b7315ij/entservices-apis-12517/docs/apis_legacy/PackageDownloader.md
2025-11-27 19:49:03,593 - Knowledge - INFO - process ingested knowledge for /home/kathan/Kathan/Kavia_AI/New_Clone/graphnode-backend-api/data/b2c/12517/b7315ij/entservices-apis-12517/tools/json_generator/output/RDKShell/RDKShellPlugin.json
2025-11-27 19:49:03,595 - Knowledge - INFO - process ingested knowledge for /home/kathan/Kathan/Kavia_AI/New_Clone/graphnode-backend-api/data/b2c/12517/b7315ij/entservices-apis-12517/docs/apis_legacy/PackageInstaller.md
2025-11-27 19:49:03,598 - Knowledge - INFO - process ingested knowledge for /home/kathan/Kathan/Kavia_AI/New_Clone/graphnode-backend-api/data/b2c/12517/b7315ij/entservices-apis-12517/docs/apis/AVInput.md
2025-11-27 19:49:03,601 - Knowledge - INFO - process ingested knowledge for /home/kathan/Kathan/Kavia_AI/New_Clone/graphnode-backend-api/data/b2c/12517/b7315ij/entservices-apis-12517/tools/json_generator/output/Miracast/MiracastService/MiracastService.json
2025-11-27 19:49:03,603 - Knowledge - INFO - process ingested knowledge for /home/kathan/Kathan/Kavia_AI/New_Clone/graphnode-backend-api/data/b2c/12517/b7315ij/entservices-apis-12517/docs/apis_legacy/MotionDetectionPlugin.md
2025-11-27 19:49:03,604 - Knowledge - INFO - process ingested knowledge for /home/kathan/Kathan/Kavia_AI/New_Clone/graphnode-backend-api/data/b2c/12517/b7315ij/entservices-apis-12517/docs/apis_legacy/OpenCDMiPlugin.md
2025-11-27 19:49:03,614 - Knowledge - INFO - process ingested knowledge for /home/kathan/Kathan/Kavia_AI/New_Clone/graphnode-backend-api/data/b2c/12517/b7315ij/entservices-apis-12517/tools/json_generator/output/OCIContainer/OCIContainerPlugin.json
2025-11-27 19:49:03,617 - Knowledge - INFO - process ingested knowledge for /home/kathan/Kathan/Kavia_AI/New_Clone/graphnode-backend-api/data/b2c/12517/b7315ij/entservices-apis-12517/docs/apis/DeviceInfoPlugin.md
2025-11-27 19:49:03,619 - Knowledge - INFO - process ingested knowledge for /home/kathan/Kathan/Kavia_AI/New_Clone/graphnode-backend-api/data/b2c/12517/b7315ij/entservices-apis-12517/docs/apis/RemoteControlPlugin.md
2025-11-27 19:49:03,624 - Knowledge - INFO - process ingested knowledge for /home/kathan/Kathan/Kavia_AI/New_Clone/graphnode-backend-api/data/b2c/12517/b7315ij/entservices-apis-12517/docs/apis/DTVPlugin.md
2025-11-27 19:49:03,631 - Knowledge - INFO - process ingested knowledge for /home/kathan/Kathan/Kavia_AI/New_Clone/graphnode-backend-api/data/b2c/12517/b7315ij/entservices-apis-12517/docs/apis_legacy/MonitorPlugin.md
2025-11-27 19:49:03,633 - Knowledge - INFO - process ingested knowledge for /home/kathan/Kathan/Kavia_AI/New_Clone/graphnode-backend-api/data/b2c/12517/b7315ij/entservices-apis-12517/docs/apis_legacy/NetflixPlugin.md
2025-11-27 19:49:03,637 - Knowledge - INFO - process ingested knowledge for /home/kathan/Kathan/Kavia_AI/New_Clone/graphnode-backend-api/data/b2c/12517/b7315ij/entservices-apis-12517/tools/json_generator/output/RDKShell/RDKShell.json
2025-11-27 19:49:03,640 - Knowledge - INFO - process ingested knowledge for /home/kathan/Kathan/Kavia_AI/New_Clone/graphnode-backend-api/data/b2c/12517/b7315ij/entservices-apis-12517/docs/apis_legacy/DTVPlugin.md
2025-11-27 19:49:03,644 - Knowledge - INFO - process ingested knowledge for /home/kathan/Kathan/Kavia_AI/New_Clone/graphnode-backend-api/data/b2c/12517/b7315ij/entservices-apis-12517/docs/apis/Telemetry.md
2025-11-27 19:49:03,651 - Knowledge - INFO - process ingested knowledge for /home/kathan/Kathan/Kavia_AI/New_Clone/graphnode-backend-api/data/b2c/12517/b7315ij/entservices-apis-12517/tools/json_generator/output/Miracast/MiracastPlayer/MiracastPlayer.json
2025-11-27 19:49:03,653 - Knowledge - INFO - process ingested knowledge for /home/kathan/Kathan/Kavia_AI/New_Clone/graphnode-backend-api/data/b2c/12517/b7315ij/entservices-apis-12517/docs/apis_legacy/LinearPlaybackControlPlugin.md
2025-11-27 19:49:03,655 - Knowledge - INFO - process ingested knowledge for /home/kathan/Kathan/Kavia_AI/New_Clone/graphnode-backend-api/data/b2c/12517/b7315ij/entservices-apis-12517/docs/apis_legacy/HomeKitTVPlugin.md
2025-11-27 19:49:03,664 - Knowledge - INFO - process ingested knowledge for /home/kathan/Kathan/Kavia_AI/New_Clone/graphnode-backend-api/data/b2c/12517/b7315ij/entservices-apis-12517/tools/json_generator/output/OCIContainer/OCIContainer.json
2025-11-27 19:49:03,668 - Knowledge - INFO - process ingested knowledge for /home/kathan/Kathan/Kavia_AI/New_Clone/graphnode-backend-api/data/b2c/12517/b7315ij/entservices-apis-12517/docs/apis/MonitorPlugin.md
2025-11-27 19:49:03,673 - Knowledge - INFO - process ingested knowledge for /home/kathan/Kathan/Kavia_AI/New_Clone/graphnode-backend-api/data/b2c/12517/b7315ij/entservices-apis-12517/docs/apis/AppManager.md
2025-11-27 19:49:03,675 - Knowledge - INFO - process ingested knowledge for /home/kathan/Kathan/Kavia_AI/New_Clone/graphnode-backend-api/data/b2c/12517/b7315ij/entservices-apis-12517/docs/apis/PackagerPlugin.md
2025-11-27 19:49:03,678 - Knowledge - INFO - process ingested knowledge for /home/kathan/Kathan/Kavia_AI/New_Clone/graphnode-backend-api/data/b2c/12517/b7315ij/entservices-apis-12517/docs/apis_legacy/AVInputPlugin.md
2025-11-27 19:49:03,679 - Knowledge - INFO - process ingested knowledge for /home/kathan/Kathan/Kavia_AI/New_Clone/graphnode-backend-api/data/b2c/12517/b7315ij/entservices-apis-12517/docs/apis_legacy/PowerManagerPlugin.md
2025-11-27 19:49:03,686 - Knowledge - INFO - process ingested knowledge for /home/kathan/Kathan/Kavia_AI/New_Clone/graphnode-backend-api/data/b2c/12517/b7315ij/entservices-apis-12517/tools/json_generator/output/RemoteActionMapping/RemoteActionMappingPlugin.json
2025-11-27 19:49:03,692 - Knowledge - INFO - process ingested knowledge for /home/kathan/Kathan/Kavia_AI/New_Clone/graphnode-backend-api/data/b2c/12517/b7315ij/entservices-apis-12517/docs/apis_legacy/AppManagerPlugin.md
2025-11-27 19:49:03,696 - Knowledge - INFO - process ingested knowledge for /home/kathan/Kathan/Kavia_AI/New_Clone/graphnode-backend-api/data/b2c/12517/b7315ij/entservices-apis-12517/docs/apis/DeviceDiagnostics.md
2025-11-27 19:49:03,697 - Knowledge - INFO - process ingested knowledge for /home/kathan/Kathan/Kavia_AI/New_Clone/graphnode-backend-api/data/b2c/12517/b7315ij/entservices-apis-12517/tools/json_generator/output/Packager/PackagerPlugin.json
2025-11-27 19:49:03,698 - Knowledge - INFO - process ingested knowledge for /home/kathan/Kathan/Kavia_AI/New_Clone/graphnode-backend-api/data/b2c/12517/b7315ij/entservices-apis-12517/tools/json_generator/output/Packager/Packager.json
2025-11-27 19:49:03,700 - Knowledge - INFO - process ingested knowledge for /home/kathan/Kathan/Kavia_AI/New_Clone/graphnode-backend-api/data/b2c/12517/b7315ij/entservices-apis-12517/docs/apis_legacy/SharedStoragePlugin.md
2025-11-27 19:49:03,704 - Knowledge - INFO - process ingested knowledge for /home/kathan/Kathan/Kavia_AI/New_Clone/graphnode-backend-api/data/b2c/12517/b7315ij/entservices-apis-12517/tools/json_generator/output/HdmiCecSource/HdmiCecSourcePlugin.json
2025-11-27 19:49:03,707 - Knowledge - INFO - process ingested knowledge for /home/kathan/Kathan/Kavia_AI/New_Clone/graphnode-backend-api/data/b2c/12517/b7315ij/entservices-apis-12517/docs/apis/DisplaySettingsPlugin.md
2025-11-27 19:49:03,734 - Knowledge - INFO - process ingested knowledge for /home/kathan/Kathan/Kavia_AI/New_Clone/graphnode-backend-api/data/b2c/12517/b7315ij/entservices-apis-12517/docs/apis/PreinstallManager.md
2025-11-27 19:49:03,741 - Knowledge - INFO - process ingested knowledge for /home/kathan/Kathan/Kavia_AI/New_Clone/graphnode-backend-api/data/b2c/12517/b7315ij/entservices-apis-12517/docs/apis/LifecycleManager.md
2025-11-27 19:49:03,742 - Knowledge - INFO - process ingested knowledge for /home/kathan/Kathan/Kavia_AI/New_Clone/graphnode-backend-api/data/b2c/12517/b7315ij/entservices-apis-12517/docs/apis_legacy/DisplaySettingsPlugin.md
2025-11-27 19:49:03,746 - Knowledge - INFO - process ingested knowledge for /home/kathan/Kathan/Kavia_AI/New_Clone/graphnode-backend-api/data/b2c/12517/b7315ij/entservices-apis-12517/docs/apis_legacy/LEDControlPlugin.md
2025-11-27 19:49:03,757 - Knowledge - INFO - process ingested knowledge for /home/kathan/Kathan/Kavia_AI/New_Clone/graphnode-backend-api/data/b2c/12517/b7315ij/entservices-apis-12517/tools/json_generator/output/RemoteActionMapping/RemoteActionMapping.json
2025-11-27 19:49:03,758 - Knowledge - INFO - process ingested knowledge for /home/kathan/Kathan/Kavia_AI/New_Clone/graphnode-backend-api/data/b2c/12517/b7315ij/entservices-apis-12517/docs/apis_legacy/PackagerPlugin.md
2025-11-27 19:49:03,760 - Knowledge - INFO - process ingested knowledge for /home/kathan/Kathan/Kavia_AI/New_Clone/graphnode-backend-api/data/b2c/12517/b7315ij/entservices-apis-12517/docs/apis/RDKWindowManager.md
2025-11-27 19:49:03,763 - Knowledge - INFO - process ingested knowledge for /home/kathan/Kathan/Kavia_AI/New_Clone/graphnode-backend-api/data/b2c/12517/b7315ij/entservices-apis-12517/docs/apis_legacy/SystemAudioPlayerPlugin.md
2025-11-27 19:49:03,763 - Knowledge - INFO - process ingested knowledge for /home/kathan/Kathan/Kavia_AI/New_Clone/graphnode-backend-api/data/b2c/12517/b7315ij/entservices-apis-12517/docs/apis_legacy/WebKitBrowserPlugin.md
2025-11-27 19:49:03,769 - Knowledge - INFO - process ingested knowledge for /home/kathan/Kathan/Kavia_AI/New_Clone/graphnode-backend-api/data/b2c/12517/b7315ij/entservices-apis-12517/docs/apis_legacy/TextToSpeechPlugin.md
2025-11-27 19:49:03,774 - Knowledge - INFO - process ingested knowledge for /home/kathan/Kathan/Kavia_AI/New_Clone/graphnode-backend-api/data/b2c/12517/b7315ij/entservices-apis-12517/tools/json_generator/output/HdmiCecSource/HdmiCecSource.json
2025-11-27 19:49:03,776 - Knowledge - INFO - process ingested knowledge for /home/kathan/Kathan/Kavia_AI/New_Clone/graphnode-backend-api/data/b2c/12517/b7315ij/entservices-apis-12517/docs/apis/MiracastPlayer.md
2025-11-27 19:49:03,780 - Knowledge - INFO - process ingested knowledge for /home/kathan/Kathan/Kavia_AI/New_Clone/graphnode-backend-api/data/b2c/12517/b7315ij/entservices-apis-12517/docs/apis/MessageControl.md
2025-11-27 19:49:03,782 - Knowledge - INFO - process ingested knowledge for /home/kathan/Kathan/Kavia_AI/New_Clone/graphnode-backend-api/data/b2c/12517/b7315ij/entservices-apis-12517/docs/README.md
2025-11-27 19:49:03,788 - Knowledge - INFO - process ingested knowledge for /home/kathan/Kathan/Kavia_AI/New_Clone/graphnode-backend-api/data/b2c/12517/b7315ij/entservices-apis-12517/docs/apis_legacy/DisplayInfoPlugin.md
2025-11-27 19:49:03,794 - Knowledge - INFO - process ingested knowledge for /home/kathan/Kathan/Kavia_AI/New_Clone/graphnode-backend-api/data/b2c/12517/b7315ij/entservices-apis-12517/docs/apis_legacy/USBMassStoragePlugin.md
2025-11-27 19:49:03,804 - Knowledge - INFO - process ingested knowledge for /home/kathan/Kathan/Kavia_AI/New_Clone/graphnode-backend-api/data/b2c/12517/b7315ij/entservices-apis-12517/tools/json_generator/output/AppManager/AppManagerPlugin.json
2025-11-27 19:49:03,809 - Knowledge - INFO - process ingested knowledge for /home/kathan/Kathan/Kavia_AI/New_Clone/graphnode-backend-api/data/b2c/12517/b7315ij/entservices-apis-12517/docs/apis_legacy/UserSettingsPlugin.md
2025-11-27 19:49:03,815 - Knowledge - INFO - process ingested knowledge for /home/kathan/Kathan/Kavia_AI/New_Clone/graphnode-backend-api/data/b2c/12517/b7315ij/entservices-apis-12517/docs/apis/PersistentStore.md
2025-11-27 19:49:03,820 - Knowledge - INFO - process ingested knowledge for /home/kathan/Kathan/Kavia_AI/New_Clone/graphnode-backend-api/data/b2c/12517/b7315ij/entservices-apis-12517/tools/json_generator/output/Analytics/Analytics.json
2025-11-27 19:49:03,824 - Knowledge - INFO - process ingested knowledge for /home/kathan/Kathan/Kavia_AI/New_Clone/graphnode-backend-api/data/b2c/12517/b7315ij/entservices-apis-12517/docs/apis_legacy/DeviceIdentificationPlugin.md
2025-11-27 19:49:03,833 - Knowledge - INFO - process ingested knowledge for /home/kathan/Kathan/Kavia_AI/New_Clone/graphnode-backend-api/data/b2c/12517/b7315ij/entservices-apis-12517/docs/apis_legacy/MaintenanceManagerPlugin.md
2025-11-27 19:49:03,840 - Knowledge - INFO - process ingested knowledge for /home/kathan/Kathan/Kavia_AI/New_Clone/graphnode-backend-api/data/b2c/12517/b7315ij/entservices-apis-12517/tools/json_generator/output/RDKWindowManager/RDKWindowManager.json
2025-11-27 19:49:03,845 - Knowledge - INFO - process ingested knowledge for /home/kathan/Kathan/Kavia_AI/New_Clone/graphnode-backend-api/data/b2c/12517/b7315ij/entservices-apis-12517/docs/apis/XCast.md
2025-11-27 19:49:03,846 - Knowledge - INFO - process ingested knowledge for /home/kathan/Kathan/Kavia_AI/New_Clone/graphnode-backend-api/data/b2c/12517/b7315ij/entservices-apis-12517/docs/apis/VoiceControlPlugin.md
2025-11-27 19:49:03,849 - Knowledge - INFO - process ingested knowledge for /home/kathan/Kathan/Kavia_AI/New_Clone/graphnode-backend-api/data/b2c/12517/b7315ij/entservices-apis-12517/docs/index.html
2025-11-27 19:49:03,853 - Knowledge - INFO - process ingested knowledge for /home/kathan/Kathan/Kavia_AI/New_Clone/graphnode-backend-api/data/b2c/12517/b7315ij/entservices-apis-12517/docs/apis_legacy/RDKWindowManagerPlugin.md
2025-11-27 19:49:03,856 - Knowledge - INFO - process ingested knowledge for /home/kathan/Kathan/Kavia_AI/New_Clone/graphnode-backend-api/data/b2c/12517/b7315ij/entservices-apis-12517/docs/apis_legacy/OCIContainerPlugin.md
2025-11-27 19:49:03,857 - Knowledge - INFO - process ingested knowledge for /home/kathan/Kathan/Kavia_AI/New_Clone/graphnode-backend-api/data/b2c/12517/b7315ij/entservices-apis-12517/tools/json_generator/output/AppManager/AppManager.json
2025-11-27 19:49:03,859 - Knowledge - INFO - process ingested knowledge for /home/kathan/Kathan/Kavia_AI/New_Clone/graphnode-backend-api/data/b2c/12517/b7315ij/entservices-apis-12517/README.md
2025-11-27 19:49:03,867 - Knowledge - INFO - process ingested knowledge for /home/kathan/Kathan/Kavia_AI/New_Clone/graphnode-backend-api/data/b2c/12517/b7315ij/entservices-apis-12517/docs/apis/FrontPanel.md
2025-11-27 19:49:03,929 - Knowledge - INFO - process ingested knowledge for /home/kathan/Kathan/Kavia_AI/New_Clone/graphnode-backend-api/data/b2c/12517/b7315ij/entservices-apis-12517/docs/apis_legacy/XCastPlugin.md
2025-11-27 19:49:03,932 - Knowledge - INFO - process ingested knowledge for /home/kathan/Kathan/Kavia_AI/New_Clone/graphnode-backend-api/data/b2c/12517/b7315ij/entservices-apis-12517/docs/apis_legacy/ResourceManagerPlugin.md
2025-11-27 19:49:03,932 - Knowledge - INFO - process ingested knowledge for /home/kathan/Kathan/Kavia_AI/New_Clone/graphnode-backend-api/data/b2c/12517/b7315ij/entservices-apis-12517/docs/apis/HdmiCecSink.md
2025-11-27 19:49:03,933 - Knowledge - INFO - process ingested knowledge for /home/kathan/Kathan/Kavia_AI/New_Clone/graphnode-backend-api/data/b2c/12517/b7315ij/entservices-apis-12517/docs/apis_legacy/FrontPanelPlugin.md
2025-11-27 19:49:03,937 - Knowledge - INFO - process ingested knowledge for /home/kathan/Kathan/Kavia_AI/New_Clone/graphnode-backend-api/data/b2c/12517/b7315ij/entservices-apis-12517/tools/json_generator/output/SystemServices/SystemPlugin.json
2025-11-27 19:49:03,943 - Knowledge - INFO - process ingested knowledge for /home/kathan/Kathan/Kavia_AI/New_Clone/graphnode-backend-api/data/b2c/12517/b7315ij/entservices-apis-12517/CMakeLists.txt
2025-11-27 19:49:03,944 - Knowledge - INFO - process ingested knowledge for /home/kathan/Kathan/Kavia_AI/New_Clone/graphnode-backend-api/data/b2c/12517/b7315ij/entservices-apis-12517/docs/apis/DisplayInfo.md
2025-11-27 19:49:03,944 - Knowledge - INFO - process ingested knowledge for /home/kathan/Kathan/Kavia_AI/New_Clone/graphnode-backend-api/data/b2c/12517/b7315ij/entservices-apis-12517/docs/overview/intro.md
2025-11-27 19:49:03,956 - Knowledge - INFO - process ingested knowledge for /home/kathan/Kathan/Kavia_AI/New_Clone/graphnode-backend-api/data/b2c/12517/b7315ij/entservices-apis-12517/docs/apis/MotionDetectionPlugin.md
2025-11-27 19:49:03,959 - Knowledge - INFO - process ingested knowledge for /home/kathan/Kathan/Kavia_AI/New_Clone/graphnode-backend-api/data/b2c/12517/b7315ij/entservices-apis-12517/docs/apis_legacy/FrameRatePlugin.md
2025-11-27 19:49:03,959 - Knowledge - INFO - process ingested knowledge for /home/kathan/Kathan/Kavia_AI/New_Clone/graphnode-backend-api/data/b2c/12517/b7315ij/entservices-apis-12517/tools/json_generator/output/RDKWindowManager/RDKWindowManagerPlugin.json
2025-11-27 19:49:03,992 - Knowledge - INFO - process ingested knowledge for /home/kathan/Kathan/Kavia_AI/New_Clone/graphnode-backend-api/data/b2c/12517/b7315ij/entservices-apis-12517/docs/apis_legacy/RemoteControlPlugin.md
2025-11-27 19:49:03,993 - Knowledge - INFO - process ingested knowledge for /home/kathan/Kathan/Kavia_AI/New_Clone/graphnode-backend-api/data/b2c/12517/b7315ij/entservices-apis-12517/tools/json_generator/output/SystemServices/System.json
2025-11-27 19:49:03,996 - Knowledge - INFO - process ingested knowledge for /home/kathan/Kathan/Kavia_AI/New_Clone/graphnode-backend-api/data/b2c/12517/b7315ij/entservices-apis-12517/governance.md
2025-11-27 19:49:03,998 - Knowledge - INFO - process ingested knowledge for /home/kathan/Kathan/Kavia_AI/New_Clone/graphnode-backend-api/data/b2c/12517/b7315ij/entservices-apis-12517/docs/overview/_sidebar.md
2025-11-27 19:49:04,043 - Knowledge - INFO - process ingested knowledge for /home/kathan/Kathan/Kavia_AI/New_Clone/graphnode-backend-api/data/b2c/12517/b7315ij/entservices-apis-12517/tools/json_generator/output/PersistentStore/PersistentStore.json
2025-11-27 19:49:04,043 - Knowledge - INFO - process ingested knowledge for /home/kathan/Kathan/Kavia_AI/New_Clone/graphnode-backend-api/data/b2c/12517/b7315ij/entservices-apis-12517/docs/apis/MiracastService.md
2025-11-27 19:49:04,050 - Knowledge - INFO - process ingested knowledge for /home/kathan/Kathan/Kavia_AI/New_Clone/graphnode-backend-api/data/b2c/12517/b7315ij/entservices-apis-12517/docs/apis/LinearPlaybackControlPlugin.md
2025-11-27 19:49:04,051 - Knowledge - INFO - process ingested knowledge for /home/kathan/Kathan/Kavia_AI/New_Clone/graphnode-backend-api/data/b2c/12517/b7315ij/entservices-apis-12517/docs/apis/RDKShellPlugin.md
2025-11-27 19:49:04,057 - Knowledge - INFO - process ingested knowledge for /home/kathan/Kathan/Kavia_AI/New_Clone/graphnode-backend-api/data/b2c/12517/b7315ij/entservices-apis-12517/tools/json_generator/output/VoiceControl/VoiceControlPlugin.json
2025-11-27 19:49:04,059 - Knowledge - INFO - process ingested knowledge for /home/kathan/Kathan/Kavia_AI/New_Clone/graphnode-backend-api/data/b2c/12517/b7315ij/entservices-apis-12517/docs/overview/arch.md
2025-11-27 19:49:04,067 - Knowledge - INFO - process ingested knowledge for /home/kathan/Kathan/Kavia_AI/New_Clone/graphnode-backend-api/data/b2c/12517/b7315ij/entservices-apis-12517/tools/json_generator/output/PersistentStore/PersistentStorePlugin.json
2025-11-27 19:49:04,068 - Knowledge - INFO - process ingested knowledge for /home/kathan/Kathan/Kavia_AI/New_Clone/graphnode-backend-api/data/b2c/12517/b7315ij/entservices-apis-12517/docs/apis/NetflixPlugin.md
2025-11-27 19:49:04,134 - Knowledge - INFO - process ingested knowledge for /home/kathan/Kathan/Kavia_AI/New_Clone/graphnode-backend-api/data/b2c/12517/b7315ij/entservices-apis-12517/docs/apis/SharedStorage.md
2025-11-27 19:49:04,236 - Knowledge - INFO - process ingested knowledge for /home/kathan/Kathan/Kavia_AI/New_Clone/graphnode-backend-api/data/b2c/12517/b7315ij/entservices-apis-12517/docs/apis/BluetoothPlugin.md
2025-11-27 19:49:04,237 - Knowledge - INFO - process ingested knowledge for /home/kathan/Kathan/Kavia_AI/New_Clone/graphnode-backend-api/data/b2c/12517/b7315ij/entservices-apis-12517/tools/json_generator/output/VoiceControl/VoiceControl.json
2025-11-27 19:49:04,291 - Knowledge - INFO - process ingested knowledge for /home/kathan/Kathan/Kavia_AI/New_Clone/graphnode-backend-api/data/b2c/12517/b7315ij/entservices-apis-12517/tools/json_generator/output/UnifiedCASManagement/UnifiedCASManagementPlugin.json
2025-11-27 19:49:04,296 - Knowledge - INFO - process ingested knowledge for /home/kathan/Kathan/Kavia_AI/New_Clone/graphnode-backend-api/data/b2c/12517/b7315ij/entservices-apis-12517/docs/apis/PackageManager.md
2025-11-27 19:49:04,297 - Knowledge - INFO - process ingested knowledge for /home/kathan/Kathan/Kavia_AI/New_Clone/graphnode-backend-api/data/b2c/12517/b7315ij/entservices-apis-12517/docs/apis/TextToSpeechPlugin.md
2025-11-27 19:49:04,345 - Knowledge - INFO - process ingested knowledge for /home/kathan/Kathan/Kavia_AI/New_Clone/graphnode-backend-api/data/b2c/12517/b7315ij/entservices-apis-12517/docs/apis/NativeJS.md
2025-11-27 19:49:04,346 - Knowledge - INFO - process ingested knowledge for /home/kathan/Kathan/Kavia_AI/New_Clone/graphnode-backend-api/data/b2c/12517/b7315ij/entservices-apis-12517/docs/overview/aat.md
2025-11-27 19:49:04,437 - Knowledge - INFO - process ingested knowledge for /home/kathan/Kathan/Kavia_AI/New_Clone/graphnode-backend-api/data/b2c/12517/b7315ij/entservices-apis-12517/tools/md_generator/json2md/global.json
2025-11-27 19:49:04,438 - Knowledge - INFO - process ingested knowledge for /home/kathan/Kathan/Kavia_AI/New_Clone/graphnode-backend-api/data/b2c/12517/b7315ij/entservices-apis-12517/docs/apis/MaintenanceManagerPlugin.md
2025-11-27 19:49:04,439 - Knowledge - INFO - process ingested knowledge for /home/kathan/Kathan/Kavia_AI/New_Clone/graphnode-backend-api/data/b2c/12517/b7315ij/entservices-apis-12517/tools/json_generator/output/MessageControl/MessageControlPlugin.json
2025-11-27 19:49:04,442 - Knowledge - INFO - process ingested knowledge for /home/kathan/Kathan/Kavia_AI/New_Clone/graphnode-backend-api/data/b2c/12517/b7315ij/entservices-apis-12517/docs/apis/UserSettings.md
2025-11-27 19:49:04,708 - Knowledge - INFO - process ingested knowledge for /home/kathan/Kathan/Kavia_AI/New_Clone/graphnode-backend-api/data/b2c/12517/b7315ij/entservices-apis-12517/docs/apis_legacy/UserPreferencesPlugin.md
2025-11-27 19:49:04,714 - Knowledge - INFO - process ingested knowledge for /home/kathan/Kathan/Kavia_AI/New_Clone/graphnode-backend-api/data/b2c/12517/b7315ij/entservices-apis-12517/tools/md_generator/json2md/generator_json.py
2025-11-27 19:49:04,997 - Knowledge - INFO - process ingested knowledge for /home/kathan/Kathan/Kavia_AI/New_Clone/graphnode-backend-api/data/b2c/12517/b7315ij/entservices-apis-12517/docs/apis/PlayerInfo.md
2025-11-27 19:49:05,000 - Knowledge - INFO - process ingested knowledge for /home/kathan/Kathan/Kavia_AI/New_Clone/graphnode-backend-api/data/b2c/12517/b7315ij/entservices-apis-12517/docs/apis_legacy/StorageManagerPlugin.md
2025-11-27 19:49:05,263 - Knowledge - INFO - process ingested knowledge for /home/kathan/Kathan/Kavia_AI/New_Clone/graphnode-backend-api/data/b2c/12517/b7315ij/entservices-apis-12517/tools/json_generator/output/DisplaySettings/DisplaySettingsPlugin.json
2025-11-27 19:49:05,268 - Knowledge - INFO - process ingested knowledge for /home/kathan/Kathan/Kavia_AI/New_Clone/graphnode-backend-api/data/b2c/12517/b7315ij/entservices-apis-12517/docs/apis/SystemMode.md
2025-11-27 19:49:05,551 - Knowledge - INFO - process ingested knowledge for /home/kathan/Kathan/Kavia_AI/New_Clone/graphnode-backend-api/data/b2c/12517/b7315ij/entservices-apis-12517/docs/apis/AppGateway.md
2025-11-27 19:49:05,793 - Knowledge - INFO - process ingested knowledge for /home/kathan/Kathan/Kavia_AI/New_Clone/graphnode-backend-api/data/b2c/12517/b7315ij/entservices-apis-12517/docs/apis/OpenCDMiPlugin.md
2025-11-27 19:49:06,049 - Knowledge - INFO - process ingested knowledge for /home/kathan/Kathan/Kavia_AI/New_Clone/graphnode-backend-api/data/b2c/12517/b7315ij/entservices-apis-12517/docs/apis/PowerManager.md
2025-11-27 19:49:06,200 - Knowledge - INFO - process ingested knowledge for /home/kathan/Kathan/Kavia_AI/New_Clone/graphnode-backend-api/data/b2c/12517/b7315ij/entservices-apis-12517/docs/apis/HomeKitTVPlugin.md
2025-11-27 19:49:08,024 - Knowledge - INFO - [WEBSOCKET] Sent: Type=progress_update, Size: 272, Duration: 0ms
2025-11-27 19:49:08,028 - Knowledge - INFO - [WEBSOCKET] Sent: Type=unknown, Size: ?, Duration: 4ms
2025-11-27 19:49:08,028 - Knowledge - INFO - Progress: 44.9% | Files: 154/343 | Rate: 21.26 files/sec | Queue: 72
2025-11-27 19:49:08,677 - Knowledge - INFO - [kw20] Queue=72, InProgress=0, PendingWorkers=20/20, Completed=154/343 (44.9%)
2025-11-27 19:49:08,677 - Knowledge - INFO - Batch sizing: calculated=10, max_allowed=25, queue=72, active_workers=20/20
2025-11-27 19:49:09,638 - Knowledge - INFO - Async storing batch of 10 embeddings
2025-11-27 19:49:09,647 - Knowledge - INFO - Worker kw20 processing /home/kathan/Kathan/Kavia_AI/New_Clone/graphnode-backend-api/data/b2c/12517/b7315ij/entservices-apis-12517/tools/json_generator/output/Analytics/AnalyticsPlugin.json
2025-11-27 19:49:09,655 - Knowledge - INFO - Fast-tracked /home/kathan/Kathan/Kavia_AI/New_Clone/graphnode-backend-api/data/b2c/12517/b7315ij/entservices-apis-12517/tools/json_generator/output/Analytics/AnalyticsPlugin.json (ext=.json, size=1399)
2025-11-27 19:49:09,655 - Knowledge - INFO - Worker kw20 processing /home/kathan/Kathan/Kavia_AI/New_Clone/graphnode-backend-api/data/b2c/12517/b7315ij/entservices-apis-12517/tools/json_generator/output/HdmiCecSink/HdmiCecSink.json
2025-11-27 19:49:09,658 - Knowledge - INFO - Fast-tracked /home/kathan/Kathan/Kavia_AI/New_Clone/graphnode-backend-api/data/b2c/12517/b7315ij/entservices-apis-12517/tools/json_generator/output/HdmiCecSink/HdmiCecSink.json (ext=.json, size=36152)
2025-11-27 19:49:09,658 - Knowledge - INFO - Worker kw20 processing /home/kathan/Kathan/Kavia_AI/New_Clone/graphnode-backend-api/data/b2c/12517/b7315ij/entservices-apis-12517/tools/json_generator/output/HdmiCecSink/HdmiCecSinkPlugin.json
2025-11-27 19:49:09,658 - Knowledge - INFO - Fast-tracked /home/kathan/Kathan/Kavia_AI/New_Clone/graphnode-backend-api/data/b2c/12517/b7315ij/entservices-apis-12517/tools/json_generator/output/HdmiCecSink/HdmiCecSinkPlugin.json (ext=.json, size=527)
2025-11-27 19:49:09,658 - Knowledge - INFO - Worker kw20 processing /home/kathan/Kathan/Kavia_AI/New_Clone/graphnode-backend-api/data/b2c/12517/b7315ij/entservices-apis-12517/tools/json_generator/output/FirmwareUpdate/FirmwareUpdate.json
2025-11-27 19:49:09,659 - Knowledge - INFO - Fast-tracked /home/kathan/Kathan/Kavia_AI/New_Clone/graphnode-backend-api/data/b2c/12517/b7315ij/entservices-apis-12517/tools/json_generator/output/FirmwareUpdate/FirmwareUpdate.json (ext=.json, size=5029)
2025-11-27 19:49:09,659 - Knowledge - INFO - Worker kw20 processing /home/kathan/Kathan/Kavia_AI/New_Clone/graphnode-backend-api/data/b2c/12517/b7315ij/entservices-apis-12517/tools/json_generator/output/FirmwareUpdate/FirmwareUpdatePlugin.json
2025-11-27 19:49:09,666 - Knowledge - INFO - Fast-tracked /home/kathan/Kathan/Kavia_AI/New_Clone/graphnode-backend-api/data/b2c/12517/b7315ij/entservices-apis-12517/tools/json_generator/output/FirmwareUpdate/FirmwareUpdatePlugin.json (ext=.json, size=573)
2025-11-27 19:49:09,667 - Knowledge - INFO - Worker kw20 processing /home/kathan/Kathan/Kavia_AI/New_Clone/graphnode-backend-api/data/b2c/12517/b7315ij/entservices-apis-12517/tools/json_generator/output/MotionDetection/MotionDetection.json
2025-11-27 19:49:09,667 - Knowledge - INFO - Fast-tracked /home/kathan/Kathan/Kavia_AI/New_Clone/graphnode-backend-api/data/b2c/12517/b7315ij/entservices-apis-12517/tools/json_generator/output/MotionDetection/MotionDetection.json (ext=.json, size=22159)
2025-11-27 19:49:09,673 - Knowledge - INFO - Worker kw20 processing /home/kathan/Kathan/Kavia_AI/New_Clone/graphnode-backend-api/data/b2c/12517/b7315ij/entservices-apis-12517/tools/json_generator/output/MotionDetection/MotionDetectionPlugin.json
2025-11-27 19:49:09,677 - Knowledge - INFO - Fast-tracked /home/kathan/Kathan/Kavia_AI/New_Clone/graphnode-backend-api/data/b2c/12517/b7315ij/entservices-apis-12517/tools/json_generator/output/MotionDetection/MotionDetectionPlugin.json (ext=.json, size=536)
2025-11-27 19:49:09,678 - Knowledge - INFO - Worker kw20 processing /home/kathan/Kathan/Kavia_AI/New_Clone/graphnode-backend-api/data/b2c/12517/b7315ij/entservices-apis-12517/tools/json_generator/output/DisplayInfo/DisplayInfoPlugin.json
2025-11-27 19:49:09,690 - Knowledge - INFO - Fast-tracked /home/kathan/Kathan/Kavia_AI/New_Clone/graphnode-backend-api/data/b2c/12517/b7315ij/entservices-apis-12517/tools/json_generator/output/DisplayInfo/DisplayInfoPlugin.json (ext=.json, size=503)
2025-11-27 19:49:09,695 - Knowledge - INFO - Worker kw20 processing /home/kathan/Kathan/Kavia_AI/New_Clone/graphnode-backend-api/data/b2c/12517/b7315ij/entservices-apis-12517/tools/json_generator/output/DisplayInfo/DisplayInfo.json
2025-11-27 19:49:09,696 - Knowledge - INFO - Fast-tracked /home/kathan/Kathan/Kavia_AI/New_Clone/graphnode-backend-api/data/b2c/12517/b7315ij/entservices-apis-12517/tools/json_generator/output/DisplayInfo/DisplayInfo.json (ext=.json, size=10140)
2025-11-27 19:49:09,696 - Knowledge - INFO - Worker kw20 processing /home/kathan/Kathan/Kavia_AI/New_Clone/graphnode-backend-api/data/b2c/12517/b7315ij/entservices-apis-12517/tools/json_generator/output/SharedStorage/SharedStoragePlugin.json
2025-11-27 19:49:09,696 - Knowledge - INFO - Fast-tracked /home/kathan/Kathan/Kavia_AI/New_Clone/graphnode-backend-api/data/b2c/12517/b7315ij/entservices-apis-12517/tools/json_generator/output/SharedStorage/SharedStoragePlugin.json (ext=.json, size=502)
2025-11-27 19:49:09,699 - Knowledge - INFO - Async storage completed for 10 embeddings
2025-11-27 19:49:10,047 - Knowledge - INFO - [kw12] Queue=62, InProgress=0, PendingWorkers=20/20, Completed=154/343 (44.9%)
2025-11-27 19:49:10,047 - Knowledge - INFO - Batch sizing: calculated=10, max_allowed=25, queue=62, active_workers=20/20
2025-11-27 19:49:10,702 - Knowledge - INFO - Async storing batch of 12 embeddings
2025-11-27 19:49:10,710 - Knowledge - INFO - Worker kw12 processing /home/kathan/Kathan/Kavia_AI/New_Clone/graphnode-backend-api/data/b2c/12517/b7315ij/entservices-apis-12517/tools/json_generator/output/SharedStorage/SharedStorage.json
2025-11-27 19:49:10,714 - Knowledge - INFO - Fast-tracked /home/kathan/Kathan/Kavia_AI/New_Clone/graphnode-backend-api/data/b2c/12517/b7315ij/entservices-apis-12517/tools/json_generator/output/SharedStorage/SharedStorage.json (ext=.json, size=10951)
2025-11-27 19:49:10,715 - Knowledge - INFO - Worker kw12 processing /home/kathan/Kathan/Kavia_AI/New_Clone/graphnode-backend-api/data/b2c/12517/b7315ij/entservices-apis-12517/tools/json_generator/output/AVInput/AVInputPlugin.json
2025-11-27 19:49:10,728 - Knowledge - INFO - Fast-tracked /home/kathan/Kathan/Kavia_AI/New_Clone/graphnode-backend-api/data/b2c/12517/b7315ij/entservices-apis-12517/tools/json_generator/output/AVInput/AVInputPlugin.json (ext=.json, size=491)
2025-11-27 19:49:10,728 - Knowledge - INFO - Worker kw12 processing /home/kathan/Kathan/Kavia_AI/New_Clone/graphnode-backend-api/data/b2c/12517/b7315ij/entservices-apis-12517/tools/json_generator/output/AVInput/AVInput.json
2025-11-27 19:49:10,731 - Knowledge - INFO - Fast-tracked /home/kathan/Kathan/Kavia_AI/New_Clone/graphnode-backend-api/data/b2c/12517/b7315ij/entservices-apis-12517/tools/json_generator/output/AVInput/AVInput.json (ext=.json, size=32593)
2025-11-27 19:49:10,739 - Knowledge - INFO - Worker kw12 processing /home/kathan/Kathan/Kavia_AI/New_Clone/graphnode-backend-api/data/b2c/12517/b7315ij/entservices-apis-12517/tools/json_generator/output/FrameRate/FrameRatePlugin.json
2025-11-27 19:49:10,747 - Knowledge - INFO - Fast-tracked /home/kathan/Kathan/Kavia_AI/New_Clone/graphnode-backend-api/data/b2c/12517/b7315ij/entservices-apis-12517/tools/json_generator/output/FrameRate/FrameRatePlugin.json (ext=.json, size=461)
2025-11-27 19:49:10,748 - Knowledge - INFO - Worker kw12 processing /home/kathan/Kathan/Kavia_AI/New_Clone/graphnode-backend-api/data/b2c/12517/b7315ij/entservices-apis-12517/tools/json_generator/output/FrameRate/FrameRate.json
2025-11-27 19:49:10,772 - Knowledge - INFO - Fast-tracked /home/kathan/Kathan/Kavia_AI/New_Clone/graphnode-backend-api/data/b2c/12517/b7315ij/entservices-apis-12517/tools/json_generator/output/FrameRate/FrameRate.json (ext=.json, size=7289)
2025-11-27 19:49:10,774 - Knowledge - INFO - Worker kw12 processing /home/kathan/Kathan/Kavia_AI/New_Clone/graphnode-backend-api/data/b2c/12517/b7315ij/entservices-apis-12517/tools/json_generator/output/LEDControl/LEDControl.json
2025-11-27 19:49:10,779 - Knowledge - INFO - Fast-tracked /home/kathan/Kathan/Kavia_AI/New_Clone/graphnode-backend-api/data/b2c/12517/b7315ij/entservices-apis-12517/tools/json_generator/output/LEDControl/LEDControl.json (ext=.json, size=2603)
2025-11-27 19:49:10,786 - Knowledge - INFO - Worker kw12 processing /home/kathan/Kathan/Kavia_AI/New_Clone/graphnode-backend-api/data/b2c/12517/b7315ij/entservices-apis-12517/tools/json_generator/output/LEDControl/LEDControlPlugin.json
2025-11-27 19:49:10,790 - Knowledge - INFO - Fast-tracked /home/kathan/Kathan/Kavia_AI/New_Clone/graphnode-backend-api/data/b2c/12517/b7315ij/entservices-apis-12517/tools/json_generator/output/LEDControl/LEDControlPlugin.json (ext=.json, size=506)
2025-11-27 19:49:10,793 - Knowledge - INFO - Worker kw12 processing /home/kathan/Kathan/Kavia_AI/New_Clone/graphnode-backend-api/data/b2c/12517/b7315ij/entservices-apis-12517/tools/json_generator/output/LifecycleManager/LifecycleManager.json
2025-11-27 19:49:10,801 - Knowledge - INFO - Fast-tracked /home/kathan/Kathan/Kavia_AI/New_Clone/graphnode-backend-api/data/b2c/12517/b7315ij/entservices-apis-12517/tools/json_generator/output/LifecycleManager/LifecycleManager.json (ext=.json, size=5173)
2025-11-27 19:49:10,801 - Knowledge - INFO - Worker kw12 processing /home/kathan/Kathan/Kavia_AI/New_Clone/graphnode-backend-api/data/b2c/12517/b7315ij/entservices-apis-12517/tools/json_generator/output/LifecycleManager/LifecycleManagerPlugin.json
2025-11-27 19:49:10,803 - Knowledge - INFO - Fast-tracked /home/kathan/Kathan/Kavia_AI/New_Clone/graphnode-backend-api/data/b2c/12517/b7315ij/entservices-apis-12517/tools/json_generator/output/LifecycleManager/LifecycleManagerPlugin.json (ext=.json, size=537)
2025-11-27 19:49:10,807 - Knowledge - INFO - Worker kw12 processing /home/kathan/Kathan/Kavia_AI/New_Clone/graphnode-backend-api/data/b2c/12517/b7315ij/entservices-apis-12517/tools/json_generator/output/XCast/XCast.json
2025-11-27 19:49:10,829 - Knowledge - INFO - Fast-tracked /home/kathan/Kathan/Kavia_AI/New_Clone/graphnode-backend-api/data/b2c/12517/b7315ij/entservices-apis-12517/tools/json_generator/output/XCast/XCast.json (ext=.json, size=22747)
2025-11-27 19:49:10,830 - Knowledge - INFO - Async storage completed for 12 embeddings
2025-11-27 19:49:10,855 - Knowledge - INFO - [WEBSOCKET] Sent: Type=progress_update, Size: 273, Duration: 0ms
2025-11-27 19:49:10,856 - Knowledge - INFO - [WEBSOCKET] Sent: Type=unknown, Size: ?, Duration: 1ms
2025-11-27 19:49:10,856 - Knowledge - INFO - Progress: 46.9% | Files: 161/343 | Rate: 15.37 files/sec | Queue: 52
2025-11-27 19:49:11,371 - Knowledge - INFO - [kw13] Queue=52, InProgress=0, PendingWorkers=20/20, Completed=163/343 (47.5%)
2025-11-27 19:49:11,374 - Knowledge - INFO - Batch sizing: calculated=10, max_allowed=25, queue=52, active_workers=20/20
2025-11-27 19:49:11,990 - Knowledge - INFO - Async storing batch of 12 embeddings
2025-11-27 19:49:11,996 - Knowledge - INFO - Worker kw13 processing /home/kathan/Kathan/Kavia_AI/New_Clone/graphnode-backend-api/data/b2c/12517/b7315ij/entservices-apis-12517/tools/json_generator/output/XCast/XCastPlugin.json
2025-11-27 19:49:12,007 - Knowledge - INFO - Fast-tracked /home/kathan/Kathan/Kavia_AI/New_Clone/graphnode-backend-api/data/b2c/12517/b7315ij/entservices-apis-12517/tools/json_generator/output/XCast/XCastPlugin.json (ext=.json, size=704)
2025-11-27 19:49:12,013 - Knowledge - INFO - Worker kw13 processing /home/kathan/Kathan/Kavia_AI/New_Clone/graphnode-backend-api/data/b2c/12517/b7315ij/entservices-apis-12517/tools/json_generator/output/MaintenanceManager/MaintenanceManager.json
2025-11-27 19:49:12,027 - Knowledge - INFO - Fast-tracked /home/kathan/Kathan/Kavia_AI/New_Clone/graphnode-backend-api/data/b2c/12517/b7315ij/entservices-apis-12517/tools/json_generator/output/MaintenanceManager/MaintenanceManager.json (ext=.json, size=9148)
2025-11-27 19:49:12,027 - Knowledge - INFO - Worker kw13 processing /home/kathan/Kathan/Kavia_AI/New_Clone/graphnode-backend-api/data/b2c/12517/b7315ij/entservices-apis-12517/tools/json_generator/output/MaintenanceManager/MaintenanceManagerPlugin.json
2025-11-27 19:49:12,027 - Knowledge - INFO - Fast-tracked /home/kathan/Kathan/Kavia_AI/New_Clone/graphnode-backend-api/data/b2c/12517/b7315ij/entservices-apis-12517/tools/json_generator/output/MaintenanceManager/MaintenanceManagerPlugin.json (ext=.json, size=550)
2025-11-27 19:49:12,038 - Knowledge - INFO - Worker kw13 processing /home/kathan/Kathan/Kavia_AI/New_Clone/graphnode-backend-api/data/b2c/12517/b7315ij/entservices-apis-12517/tools/json_generator/output/PerformanceMetrics/PerformanceMetricsPlugin.json
2025-11-27 19:49:12,044 - Knowledge - INFO - Fast-tracked /home/kathan/Kathan/Kavia_AI/New_Clone/graphnode-backend-api/data/b2c/12517/b7315ij/entservices-apis-12517/tools/json_generator/output/PerformanceMetrics/PerformanceMetricsPlugin.json (ext=.json, size=462)
2025-11-27 19:49:12,044 - Knowledge - INFO - Worker kw13 processing /home/kathan/Kathan/Kavia_AI/New_Clone/graphnode-backend-api/data/b2c/12517/b7315ij/entservices-apis-12517/tools/json_generator/output/HdcpProfile/HdcpProfilePlugin.json
2025-11-27 19:49:12,048 - Knowledge - INFO - Fast-tracked /home/kathan/Kathan/Kavia_AI/New_Clone/graphnode-backend-api/data/b2c/12517/b7315ij/entservices-apis-12517/tools/json_generator/output/HdcpProfile/HdcpProfilePlugin.json (ext=.json, size=493)
2025-11-27 19:49:12,049 - Knowledge - INFO - Worker kw13 processing /home/kathan/Kathan/Kavia_AI/New_Clone/graphnode-backend-api/data/b2c/12517/b7315ij/entservices-apis-12517/tools/json_generator/output/HdcpProfile/HdcpProfile.json
2025-11-27 19:49:12,069 - Knowledge - INFO - Fast-tracked /home/kathan/Kathan/Kavia_AI/New_Clone/graphnode-backend-api/data/b2c/12517/b7315ij/entservices-apis-12517/tools/json_generator/output/HdcpProfile/HdcpProfile.json (ext=.json, size=4740)
2025-11-27 19:49:12,070 - Knowledge - INFO - Worker kw13 processing /home/kathan/Kathan/Kavia_AI/New_Clone/graphnode-backend-api/data/b2c/12517/b7315ij/entservices-apis-12517/tools/json_generator/output/Bluetooth/BluetoothPlugin.json
2025-11-27 19:49:12,073 - Knowledge - INFO - Processing batch of 10 files
2025-11-27 19:49:12,074 - Knowledge - INFO - [kw18] Queue=42, InProgress=0, PendingWorkers=20/20, Completed=167/343 (48.7%)
2025-11-27 19:49:12,074 - Knowledge - INFO - Fast-tracked /home/kathan/Kathan/Kavia_AI/New_Clone/graphnode-backend-api/data/b2c/12517/b7315ij/entservices-apis-12517/tools/json_generator/output/Bluetooth/BluetoothPlugin.json (ext=.json, size=514)
2025-11-27 19:49:12,074 - Knowledge - INFO - [kw14] Queue=42, InProgress=0, PendingWorkers=20/20, Completed=167/343 (48.7%)
2025-11-27 19:49:12,086 - Knowledge - INFO - process ingested knowledge for /home/kathan/Kathan/Kavia_AI/New_Clone/graphnode-backend-api/data/b2c/12517/b7315ij/entservices-apis-12517/tools/json_generator/output/Analytics/AnalyticsPlugin.json
2025-11-27 19:49:12,091 - Knowledge - INFO - Batch sizing: calculated=10, max_allowed=25, queue=42, active_workers=20/20
2025-11-27 19:49:12,091 - Knowledge - INFO - Worker kw13 processing /home/kathan/Kathan/Kavia_AI/New_Clone/graphnode-backend-api/data/b2c/12517/b7315ij/entservices-apis-12517/tools/json_generator/output/Bluetooth/Bluetooth.json
2025-11-27 19:49:12,101 - Knowledge - INFO - Batch sizing: calculated=10, max_allowed=25, queue=42, active_workers=20/20
2025-11-27 19:49:12,137 - Knowledge - INFO - Fast-tracked /home/kathan/Kathan/Kavia_AI/New_Clone/graphnode-backend-api/data/b2c/12517/b7315ij/entservices-apis-12517/tools/json_generator/output/Bluetooth/Bluetooth.json (ext=.json, size=53644)
2025-11-27 19:49:12,155 - Knowledge - INFO - Worker kw13 processing /home/kathan/Kathan/Kavia_AI/New_Clone/graphnode-backend-api/data/b2c/12517/b7315ij/entservices-apis-12517/tools/json_generator/output/TextToSpeech/TextToSpeech.json
2025-11-27 19:49:12,163 - Knowledge - INFO - Fast-tracked /home/kathan/Kathan/Kavia_AI/New_Clone/graphnode-backend-api/data/b2c/12517/b7315ij/entservices-apis-12517/tools/json_generator/output/TextToSpeech/TextToSpeech.json (ext=.json, size=26374)
2025-11-27 19:49:12,163 - Knowledge - INFO - Worker kw13 processing /home/kathan/Kathan/Kavia_AI/New_Clone/graphnode-backend-api/data/b2c/12517/b7315ij/entservices-apis-12517/tools/json_generator/output/TextToSpeech/TextToSpeechPlugin.json
2025-11-27 19:49:12,167 - Knowledge - INFO - Fast-tracked /home/kathan/Kathan/Kavia_AI/New_Clone/graphnode-backend-api/data/b2c/12517/b7315ij/entservices-apis-12517/tools/json_generator/output/TextToSpeech/TextToSpeechPlugin.json (ext=.json, size=547)
2025-11-27 19:49:12,167 - Knowledge - INFO - Async storage completed for 12 embeddings
2025-11-27 19:49:12,520 - Knowledge - INFO - process ingested knowledge for /home/kathan/Kathan/Kavia_AI/New_Clone/graphnode-backend-api/data/b2c/12517/b7315ij/entservices-apis-12517/tools/json_generator/output/HdmiCecSink/HdmiCecSink.json
2025-11-27 19:49:12,530 - Knowledge - INFO - Async storing batch of 12 embeddings
2025-11-27 19:49:12,533 - Knowledge - INFO - Async storing batch of 12 embeddings
2025-11-27 19:49:12,544 - Knowledge - INFO - Worker kw18 processing /home/kathan/Kathan/Kavia_AI/New_Clone/graphnode-backend-api/data/b2c/12517/b7315ij/entservices-apis-12517/tools/json_generator/output/common/common.json
2025-11-27 19:49:12,547 - Knowledge - INFO - Fast-tracked /home/kathan/Kathan/Kavia_AI/New_Clone/graphnode-backend-api/data/b2c/12517/b7315ij/entservices-apis-12517/tools/json_generator/output/common/common.json (ext=.json, size=5519)
2025-11-27 19:49:12,547 - Knowledge - INFO - Worker kw18 processing /home/kathan/Kathan/Kavia_AI/New_Clone/graphnode-backend-api/data/b2c/12517/b7315ij/entservices-apis-12517/tools/json_generator/output/Telemetry/TelemetryPlugin.json
2025-11-27 19:49:12,547 - Knowledge - INFO - Worker kw14 processing /home/kathan/Kathan/Kavia_AI/New_Clone/graphnode-backend-api/data/b2c/12517/b7315ij/entservices-apis-12517/tools/json_generator/output/WebKitBrowser/WebKitBrowserPlugin.json
2025-11-27 19:49:12,548 - Knowledge - INFO - Fast-tracked /home/kathan/Kathan/Kavia_AI/New_Clone/graphnode-backend-api/data/b2c/12517/b7315ij/entservices-apis-12517/tools/json_generator/output/WebKitBrowser/WebKitBrowserPlugin.json (ext=.json, size=6076)
2025-11-27 19:49:12,551 - Knowledge - INFO - Fast-tracked /home/kathan/Kathan/Kavia_AI/New_Clone/graphnode-backend-api/data/b2c/12517/b7315ij/entservices-apis-12517/tools/json_generator/output/Telemetry/TelemetryPlugin.json (ext=.json, size=491)
2025-11-27 19:49:12,552 - Knowledge - INFO - Worker kw14 processing /home/kathan/Kathan/Kavia_AI/New_Clone/graphnode-backend-api/data/b2c/12517/b7315ij/entservices-apis-12517/tools/json_generator/output/WebKitBrowser/WebKitBrowser.json
2025-11-27 19:49:12,559 - Knowledge - INFO - Worker kw18 processing /home/kathan/Kathan/Kavia_AI/New_Clone/graphnode-backend-api/data/b2c/12517/b7315ij/entservices-apis-12517/tools/json_generator/output/Telemetry/Telemetry.json
2025-11-27 19:49:12,581 - Knowledge - INFO - Fast-tracked /home/kathan/Kathan/Kavia_AI/New_Clone/graphnode-backend-api/data/b2c/12517/b7315ij/entservices-apis-12517/tools/json_generator/output/WebKitBrowser/WebKitBrowser.json (ext=.json, size=10582)
2025-11-27 19:49:12,582 - Knowledge - INFO - Fast-tracked /home/kathan/Kathan/Kavia_AI/New_Clone/graphnode-backend-api/data/b2c/12517/b7315ij/entservices-apis-12517/tools/json_generator/output/Telemetry/Telemetry.json (ext=.json, size=4614)
2025-11-27 19:49:12,585 - Knowledge - INFO - Worker kw14 processing /home/kathan/Kathan/Kavia_AI/New_Clone/graphnode-backend-api/data/b2c/12517/b7315ij/entservices-apis-12517/tools/json_generator/output/SystemAudioPlayer/SystemAudioPlayerPlugin.json
2025-11-27 19:49:12,590 - Knowledge - INFO - Worker kw18 processing /home/kathan/Kathan/Kavia_AI/New_Clone/graphnode-backend-api/data/b2c/12517/b7315ij/entservices-apis-12517/tools/json_generator/output/StorageManager/StorageManagerPlugin.json
2025-11-27 19:49:12,598 - Knowledge - INFO - Fast-tracked /home/kathan/Kathan/Kavia_AI/New_Clone/graphnode-backend-api/data/b2c/12517/b7315ij/entservices-apis-12517/tools/json_generator/output/SystemAudioPlayer/SystemAudioPlayerPlugin.json (ext=.json, size=750)
2025-11-27 19:49:12,622 - Knowledge - INFO - Fast-tracked /home/kathan/Kathan/Kavia_AI/New_Clone/graphnode-backend-api/data/b2c/12517/b7315ij/entservices-apis-12517/tools/json_generator/output/StorageManager/StorageManagerPlugin.json (ext=.json, size=825)
2025-11-27 19:49:12,638 - Knowledge - INFO - [kw15] Queue=22, InProgress=0, PendingWorkers=20/20, Completed=169/343 (49.3%)
2025-11-27 19:49:12,648 - Knowledge - INFO - Worker kw14 processing /home/kathan/Kathan/Kavia_AI/New_Clone/graphnode-backend-api/data/b2c/12517/b7315ij/entservices-apis-12517/tools/json_generator/output/SystemAudioPlayer/SystemAudioPlayer.json
2025-11-27 19:49:12,654 - Knowledge - INFO - Worker kw18 processing /home/kathan/Kathan/Kavia_AI/New_Clone/graphnode-backend-api/data/b2c/12517/b7315ij/entservices-apis-12517/tools/json_generator/output/StorageManager/StorageManager.json
2025-11-27 19:49:12,656 - Knowledge - INFO - Batch sizing: calculated=10, max_allowed=25, queue=22, active_workers=20/20
2025-11-27 19:49:12,660 - Knowledge - INFO - Fast-tracked /home/kathan/Kathan/Kavia_AI/New_Clone/graphnode-backend-api/data/b2c/12517/b7315ij/entservices-apis-12517/tools/json_generator/output/SystemAudioPlayer/SystemAudioPlayer.json (ext=.json, size=18954)
2025-11-27 19:49:12,660 - Knowledge - INFO - Worker kw14 processing /home/kathan/Kathan/Kavia_AI/New_Clone/graphnode-backend-api/data/b2c/12517/b7315ij/entservices-apis-12517/tools/json_generator/output/PowerManager/PowerManagerPlugin.json
2025-11-27 19:49:12,661 - Knowledge - INFO - Fast-tracked /home/kathan/Kathan/Kavia_AI/New_Clone/graphnode-backend-api/data/b2c/12517/b7315ij/entservices-apis-12517/tools/json_generator/output/PowerManager/PowerManagerPlugin.json (ext=.json, size=540)
2025-11-27 19:49:12,672 - Knowledge - INFO - Worker kw14 processing /home/kathan/Kathan/Kavia_AI/New_Clone/graphnode-backend-api/data/b2c/12517/b7315ij/entservices-apis-12517/tools/json_generator/output/PowerManager/PowerManager.json
2025-11-27 19:49:12,672 - Knowledge - INFO - Fast-tracked /home/kathan/Kathan/Kavia_AI/New_Clone/graphnode-backend-api/data/b2c/12517/b7315ij/entservices-apis-12517/tools/json_generator/output/PowerManager/PowerManager.json (ext=.json, size=27566)
2025-11-27 19:49:12,672 - Knowledge - INFO - Worker kw14 processing /home/kathan/Kathan/Kavia_AI/New_Clone/graphnode-backend-api/data/b2c/12517/b7315ij/entservices-apis-12517/tools/json_generator/output/PackageManager/PackageInstaller.json
2025-11-27 19:49:12,673 - Knowledge - INFO - Fast-tracked /home/kathan/Kathan/Kavia_AI/New_Clone/graphnode-backend-api/data/b2c/12517/b7315ij/entservices-apis-12517/tools/json_generator/output/StorageManager/StorageManager.json (ext=.json, size=3140)
2025-11-27 19:49:12,674 - Knowledge - INFO - Worker kw18 processing /home/kathan/Kathan/Kavia_AI/New_Clone/graphnode-backend-api/data/b2c/12517/b7315ij/entservices-apis-12517/tools/json_generator/output/ScreenCapture/ScreenCapturePlugin.json
2025-11-27 19:49:12,676 - Knowledge - INFO - Fast-tracked /home/kathan/Kathan/Kavia_AI/New_Clone/graphnode-backend-api/data/b2c/12517/b7315ij/entservices-apis-12517/tools/json_generator/output/PackageManager/PackageInstaller.json (ext=.json, size=9424)
2025-11-27 19:49:12,676 - Knowledge - INFO - Worker kw14 processing /home/kathan/Kathan/Kavia_AI/New_Clone/graphnode-backend-api/data/b2c/12517/b7315ij/entservices-apis-12517/tools/json_generator/output/PackageManager/PackageDownloader.json
2025-11-27 19:49:12,677 - Knowledge - INFO - Fast-tracked /home/kathan/Kathan/Kavia_AI/New_Clone/graphnode-backend-api/data/b2c/12517/b7315ij/entservices-apis-12517/tools/json_generator/output/PackageManager/PackageDownloader.json (ext=.json, size=6690)
2025-11-27 19:49:12,678 - Knowledge - INFO - Worker kw14 processing /home/kathan/Kathan/Kavia_AI/New_Clone/graphnode-backend-api/data/b2c/12517/b7315ij/entservices-apis-12517/tools/json_generator/output/OpenCDMi/OpenCDMi.json
2025-11-27 19:49:12,678 - Knowledge - INFO - Fast-tracked /home/kathan/Kathan/Kavia_AI/New_Clone/graphnode-backend-api/data/b2c/12517/b7315ij/entservices-apis-12517/tools/json_generator/output/OpenCDMi/OpenCDMi.json (ext=.json, size=2107)
2025-11-27 19:49:12,679 - Knowledge - INFO - Worker kw14 processing /home/kathan/Kathan/Kavia_AI/New_Clone/graphnode-backend-api/data/b2c/12517/b7315ij/entservices-apis-12517/tools/json_generator/output/OpenCDMi/OpenCDMiPlugin.json
2025-11-27 19:49:12,679 - Knowledge - INFO - Fast-tracked /home/kathan/Kathan/Kavia_AI/New_Clone/graphnode-backend-api/data/b2c/12517/b7315ij/entservices-apis-12517/tools/json_generator/output/ScreenCapture/ScreenCapturePlugin.json (ext=.json, size=484)
2025-11-27 19:49:12,683 - Knowledge - INFO - Fast-tracked /home/kathan/Kathan/Kavia_AI/New_Clone/graphnode-backend-api/data/b2c/12517/b7315ij/entservices-apis-12517/tools/json_generator/output/OpenCDMi/OpenCDMiPlugin.json (ext=.json, size=2817)
2025-11-27 19:49:12,683 - Knowledge - INFO - Worker kw18 processing /home/kathan/Kathan/Kavia_AI/New_Clone/graphnode-backend-api/data/b2c/12517/b7315ij/entservices-apis-12517/tools/json_generator/output/ScreenCapture/ScreenCapture.json
2025-11-27 19:49:12,700 - Knowledge - INFO - [LLM_CALL] Completed: Portability.h:chunk1, Duration: 10877ms, PromptTokens: 3946, CompletionTokens: 346, Cost: $0.00053
2025-11-27 19:49:12,700 - Knowledge - INFO - Async storage completed for 12 embeddings
2025-11-27 19:49:12,711 - Knowledge - INFO - done ingest for /home/kathan/Kathan/Kavia_AI/New_Clone/graphnode-backend-api/data/b2c/12517/b7315ij/entservices-apis-12517/apis/Portability.h
2025-11-27 19:49:12,718 - Knowledge - INFO - Fast-tracked /home/kathan/Kathan/Kavia_AI/New_Clone/graphnode-backend-api/data/b2c/12517/b7315ij/entservices-apis-12517/tools/json_generator/output/ScreenCapture/ScreenCapture.json (ext=.json, size=3123)
2025-11-27 19:49:12,726 - Knowledge - INFO - Worker kw18 processing /home/kathan/Kathan/Kavia_AI/New_Clone/graphnode-backend-api/data/b2c/12517/b7315ij/entservices-apis-12517/tools/json_generator/output/USBDevice/USBDevice.json
2025-11-27 19:49:12,735 - Knowledge - INFO - Fast-tracked /home/kathan/Kathan/Kavia_AI/New_Clone/graphnode-backend-api/data/b2c/12517/b7315ij/entservices-apis-12517/tools/json_generator/output/USBDevice/USBDevice.json (ext=.json, size=13013)
2025-11-27 19:49:12,738 - Knowledge - INFO - Worker kw18 processing /home/kathan/Kathan/Kavia_AI/New_Clone/graphnode-backend-api/data/b2c/12517/b7315ij/entservices-apis-12517/tools/json_generator/output/USBDevice/USBDevicePlugin.json
2025-11-27 19:49:12,738 - Knowledge - INFO - Fast-tracked /home/kathan/Kathan/Kavia_AI/New_Clone/graphnode-backend-api/data/b2c/12517/b7315ij/entservices-apis-12517/tools/json_generator/output/USBDevice/USBDevicePlugin.json (ext=.json, size=542)
2025-11-27 19:49:12,739 - Knowledge - INFO - Worker kw18 processing /home/kathan/Kathan/Kavia_AI/New_Clone/graphnode-backend-api/data/b2c/12517/b7315ij/entservices-apis-12517/tools/json_generator/output/AVOutput/AVOutput.json
2025-11-27 19:49:12,739 - Knowledge - INFO - Fast-tracked /home/kathan/Kathan/Kavia_AI/New_Clone/graphnode-backend-api/data/b2c/12517/b7315ij/entservices-apis-12517/tools/json_generator/output/AVOutput/AVOutput.json (ext=.json, size=119)
2025-11-27 19:49:12,739 - Knowledge - INFO - Async storage completed for 12 embeddings
2025-11-27 19:49:12,940 - Knowledge - INFO - process ingested knowledge for /home/kathan/Kathan/Kavia_AI/New_Clone/graphnode-backend-api/data/b2c/12517/b7315ij/entservices-apis-12517/tools/json_generator/output/HdmiCecSink/HdmiCecSinkPlugin.json
2025-11-27 19:49:12,958 - Knowledge - INFO - Async storing batch of 12 embeddings
2025-11-27 19:49:12,960 - Knowledge - INFO - Worker kw15 processing /home/kathan/Kathan/Kavia_AI/New_Clone/graphnode-backend-api/data/b2c/12517/b7315ij/entservices-apis-12517/tools/json_generator/output/UserSettings/UserSettingsPlugin.json
2025-11-27 19:49:12,966 - Knowledge - INFO - Fast-tracked /home/kathan/Kathan/Kavia_AI/New_Clone/graphnode-backend-api/data/b2c/12517/b7315ij/entservices-apis-12517/tools/json_generator/output/UserSettings/UserSettingsPlugin.json (ext=.json, size=540)
2025-11-27 19:49:12,967 - Knowledge - INFO - Worker kw15 processing /home/kathan/Kathan/Kavia_AI/New_Clone/graphnode-backend-api/data/b2c/12517/b7315ij/entservices-apis-12517/tools/json_generator/output/UserSettings/UserSettings.json
2025-11-27 19:49:12,967 - Knowledge - INFO - Fast-tracked /home/kathan/Kathan/Kavia_AI/New_Clone/graphnode-backend-api/data/b2c/12517/b7315ij/entservices-apis-12517/tools/json_generator/output/UserSettings/UserSettings.json (ext=.json, size=32687)
2025-11-27 19:49:12,967 - Knowledge - INFO - Worker kw15 processing /home/kathan/Kathan/Kavia_AI/New_Clone/graphnode-backend-api/data/b2c/12517/b7315ij/entservices-apis-12517/tools/json_generator/output/RemoteControl/RemoteControl.json
2025-11-27 19:49:12,967 - Knowledge - INFO - Fast-tracked /home/kathan/Kathan/Kavia_AI/New_Clone/graphnode-backend-api/data/b2c/12517/b7315ij/entservices-apis-12517/tools/json_generator/output/RemoteControl/RemoteControl.json (ext=.json, size=39906)
2025-11-27 19:49:12,968 - Knowledge - INFO - Worker kw15 processing /home/kathan/Kathan/Kavia_AI/New_Clone/graphnode-backend-api/data/b2c/12517/b7315ij/entservices-apis-12517/tools/json_generator/output/RemoteControl/RemoteControlPlugin.json
2025-11-27 19:49:12,971 - Knowledge - INFO - Fast-tracked /home/kathan/Kathan/Kavia_AI/New_Clone/graphnode-backend-api/data/b2c/12517/b7315ij/entservices-apis-12517/tools/json_generator/output/RemoteControl/RemoteControlPlugin.json (ext=.json, size=511)
2025-11-27 19:49:12,971 - Knowledge - INFO - Worker kw15 processing /home/kathan/Kathan/Kavia_AI/New_Clone/graphnode-backend-api/data/b2c/12517/b7315ij/entservices-apis-12517/tools/json_generator/output/FrontPanel/FrontPanel.json
2025-11-27 19:49:12,971 - Knowledge - INFO - Fast-tracked /home/kathan/Kathan/Kavia_AI/New_Clone/graphnode-backend-api/data/b2c/12517/b7315ij/entservices-apis-12517/tools/json_generator/output/FrontPanel/FrontPanel.json (ext=.json, size=18126)
2025-11-27 19:49:12,971 - Knowledge - INFO - Worker kw15 processing /home/kathan/Kathan/Kavia_AI/New_Clone/graphnode-backend-api/data/b2c/12517/b7315ij/entservices-apis-12517/tools/json_generator/output/FrontPanel/FrontPanelPlugin.json
2025-11-27 19:49:12,972 - Knowledge - INFO - Fast-tracked /home/kathan/Kathan/Kavia_AI/New_Clone/graphnode-backend-api/data/b2c/12517/b7315ij/entservices-apis-12517/tools/json_generator/output/FrontPanel/FrontPanelPlugin.json (ext=.json, size=510)
2025-11-27 19:49:12,972 - Knowledge - INFO - Worker kw15 processing /home/kathan/Kathan/Kavia_AI/New_Clone/graphnode-backend-api/data/b2c/12517/b7315ij/entservices-apis-12517/tools/json_generator/output/Monitor/Monitor.json
2025-11-27 19:49:12,972 - Knowledge - INFO - Fast-tracked /home/kathan/Kathan/Kavia_AI/New_Clone/graphnode-backend-api/data/b2c/12517/b7315ij/entservices-apis-12517/tools/json_generator/output/Monitor/Monitor.json (ext=.json, size=8145)
2025-11-27 19:49:12,972 - Knowledge - INFO - Worker kw15 processing /home/kathan/Kathan/Kavia_AI/New_Clone/graphnode-backend-api/data/b2c/12517/b7315ij/entservices-apis-12517/tools/json_generator/output/Monitor/MonitorPlugin.json
2025-11-27 19:49:12,972 - Knowledge - INFO - Fast-tracked /home/kathan/Kathan/Kavia_AI/New_Clone/graphnode-backend-api/data/b2c/12517/b7315ij/entservices-apis-12517/tools/json_generator/output/Monitor/MonitorPlugin.json (ext=.json, size=487)
2025-11-27 19:49:12,973 - Knowledge - INFO - Worker kw15 processing /home/kathan/Kathan/Kavia_AI/New_Clone/graphnode-backend-api/data/b2c/12517/b7315ij/entservices-apis-12517/tools/json_generator/output/DeviceDiagnostics/DeviceDiagnostics.json
2025-11-27 19:49:12,973 - Knowledge - INFO - Fast-tracked /home/kathan/Kathan/Kavia_AI/New_Clone/graphnode-backend-api/data/b2c/12517/b7315ij/entservices-apis-12517/tools/json_generator/output/DeviceDiagnostics/DeviceDiagnostics.json (ext=.json, size=6589)
2025-11-27 19:49:12,973 - Knowledge - INFO - Worker kw15 processing /home/kathan/Kathan/Kavia_AI/New_Clone/graphnode-backend-api/data/b2c/12517/b7315ij/entservices-apis-12517/tools/json_generator/output/DeviceDiagnostics/DeviceDiagnosticsPlugin.json
2025-11-27 19:49:12,973 - Knowledge - INFO - Fast-tracked /home/kathan/Kathan/Kavia_AI/New_Clone/graphnode-backend-api/data/b2c/12517/b7315ij/entservices-apis-12517/tools/json_generator/output/DeviceDiagnostics/DeviceDiagnosticsPlugin.json (ext=.json, size=572)
2025-11-27 19:49:12,973 - Knowledge - INFO - Async storage completed for 12 embeddings
2025-11-27 19:49:13,193 - Knowledge - INFO - process ingested knowledge for /home/kathan/Kathan/Kavia_AI/New_Clone/graphnode-backend-api/data/b2c/12517/b7315ij/entservices-apis-12517/tools/json_generator/output/FirmwareUpdate/FirmwareUpdate.json
2025-11-27 19:49:13,367 - Knowledge - INFO - [kw8] Queue=12, InProgress=0, PendingWorkers=20/20, Completed=179/343 (52.2%)
2025-11-27 19:49:13,368 - Knowledge - INFO - Batch sizing: calculated=10, max_allowed=25, queue=12, active_workers=20/20
2025-11-27 19:49:13,423 - Knowledge - INFO - process ingested knowledge for /home/kathan/Kathan/Kavia_AI/New_Clone/graphnode-backend-api/data/b2c/12517/b7315ij/entservices-apis-12517/tools/json_generator/output/FirmwareUpdate/FirmwareUpdatePlugin.json
2025-11-27 19:49:13,539 - Knowledge - INFO - [kw16] Queue=12, InProgress=0, PendingWorkers=20/20, Completed=183/343 (53.4%)
2025-11-27 19:49:13,539 - Knowledge - INFO - Batch sizing: calculated=10, max_allowed=25, queue=12, active_workers=20/20
2025-11-27 19:49:13,587 - Knowledge - INFO - process ingested knowledge for /home/kathan/Kathan/Kavia_AI/New_Clone/graphnode-backend-api/data/b2c/12517/b7315ij/entservices-apis-12517/tools/json_generator/output/MotionDetection/MotionDetection.json
2025-11-27 19:49:13,647 - Knowledge - INFO - [kw19] Queue=12, InProgress=0, PendingWorkers=20/20, Completed=187/343 (54.5%)
2025-11-27 19:49:13,647 - Knowledge - INFO - Batch sizing: calculated=10, max_allowed=25, queue=12, active_workers=20/20
2025-11-27 19:49:13,653 - Knowledge - INFO - Async storing batch of 12 embeddings
2025-11-27 19:49:13,660 - Knowledge - INFO - Worker kw16 processing /home/kathan/Kathan/Kavia_AI/New_Clone/graphnode-backend-api/data/b2c/12517/b7315ij/entservices-apis-12517/tools/json_generator/output/DTV/DTV.json
2025-11-27 19:49:13,662 - Knowledge - INFO - Fast-tracked /home/kathan/Kathan/Kavia_AI/New_Clone/graphnode-backend-api/data/b2c/12517/b7315ij/entservices-apis-12517/tools/json_generator/output/DTV/DTV.json (ext=.json, size=50010)
2025-11-27 19:49:13,670 - Knowledge - INFO - Worker kw16 processing /home/kathan/Kathan/Kavia_AI/New_Clone/graphnode-backend-api/data/b2c/12517/b7315ij/entservices-apis-12517/tools/json_generator/output/DTV/DTVPlugin.json
2025-11-27 19:49:13,675 - Knowledge - INFO - Fast-tracked /home/kathan/Kathan/Kavia_AI/New_Clone/graphnode-backend-api/data/b2c/12517/b7315ij/entservices-apis-12517/tools/json_generator/output/DTV/DTVPlugin.json (ext=.json, size=419)
2025-11-27 19:49:13,675 - Knowledge - INFO - Worker kw16 processing /home/kathan/Kathan/Kavia_AI/New_Clone/graphnode-backend-api/data/b2c/12517/b7315ij/entservices-apis-12517/tools/json_generator/output/LinearPlaybackControl/LinearPlaybackControlPlugin.json
2025-11-27 19:49:13,676 - Knowledge - INFO - Fast-tracked /home/kathan/Kathan/Kavia_AI/New_Clone/graphnode-backend-api/data/b2c/12517/b7315ij/entservices-apis-12517/tools/json_generator/output/LinearPlaybackControl/LinearPlaybackControlPlugin.json (ext=.json, size=436)
2025-11-27 19:49:13,678 - Knowledge - INFO - Worker kw16 processing /home/kathan/Kathan/Kavia_AI/New_Clone/graphnode-backend-api/data/b2c/12517/b7315ij/entservices-apis-12517/tools/json_generator/output/LinearPlaybackControl/LinearPlaybackControl.json
2025-11-27 19:49:13,694 - Knowledge - INFO - Fast-tracked /home/kathan/Kathan/Kavia_AI/New_Clone/graphnode-backend-api/data/b2c/12517/b7315ij/entservices-apis-12517/tools/json_generator/output/LinearPlaybackControl/LinearPlaybackControl.json (ext=.json, size=9659)
2025-11-27 19:49:13,695 - Knowledge - INFO - Worker kw16 processing /home/kathan/Kathan/Kavia_AI/New_Clone/graphnode-backend-api/data/b2c/12517/b7315ij/entservices-apis-12517/tools/json_generator/output/PlayerInfo/PlayerInfo.json
2025-11-27 19:49:13,699 - Knowledge - INFO - Fast-tracked /home/kathan/Kathan/Kavia_AI/New_Clone/graphnode-backend-api/data/b2c/12517/b7315ij/entservices-apis-12517/tools/json_generator/output/PlayerInfo/PlayerInfo.json (ext=.json, size=7547)
2025-11-27 19:49:13,699 - Knowledge - INFO - Worker kw16 processing /home/kathan/Kathan/Kavia_AI/New_Clone/graphnode-backend-api/data/b2c/12517/b7315ij/entservices-apis-12517/tools/json_generator/output/PlayerInfo/PlayerInfoPlugin.json
2025-11-27 19:49:13,705 - Knowledge - INFO - Fast-tracked /home/kathan/Kathan/Kavia_AI/New_Clone/graphnode-backend-api/data/b2c/12517/b7315ij/entservices-apis-12517/tools/json_generator/output/PlayerInfo/PlayerInfoPlugin.json (ext=.json, size=476)
2025-11-27 19:49:13,711 - Knowledge - INFO - Worker kw16 processing /home/kathan/Kathan/Kavia_AI/New_Clone/graphnode-backend-api/data/b2c/12517/b7315ij/entservices-apis-12517/tools/json_generator/output/USBMassStorage/USBMassStoragePlugin.json
2025-11-27 19:49:13,723 - Knowledge - INFO - Fast-tracked /home/kathan/Kathan/Kavia_AI/New_Clone/graphnode-backend-api/data/b2c/12517/b7315ij/entservices-apis-12517/tools/json_generator/output/USBMassStorage/USBMassStoragePlugin.json (ext=.json, size=553)
2025-11-27 19:49:13,730 - Knowledge - INFO - Worker kw16 processing /home/kathan/Kathan/Kavia_AI/New_Clone/graphnode-backend-api/data/b2c/12517/b7315ij/entservices-apis-12517/tools/json_generator/output/USBMassStorage/USBMassStorage.json
2025-11-27 19:49:13,746 - Knowledge - INFO - Fast-tracked /home/kathan/Kathan/Kavia_AI/New_Clone/graphnode-backend-api/data/b2c/12517/b7315ij/entservices-apis-12517/tools/json_generator/output/USBMassStorage/USBMassStorage.json (ext=.json, size=7727)
2025-11-27 19:49:13,746 - Knowledge - INFO - process ingested knowledge for /home/kathan/Kathan/Kavia_AI/New_Clone/graphnode-backend-api/data/b2c/12517/b7315ij/entservices-apis-12517/tools/json_generator/output/MotionDetection/MotionDetectionPlugin.json
2025-11-27 19:49:13,747 - Knowledge - INFO - Worker kw16 processing /home/kathan/Kathan/Kavia_AI/New_Clone/graphnode-backend-api/data/b2c/12517/b7315ij/entservices-apis-12517/tools/json_generator/output/Warehouse/WarehousePlugin.json
2025-11-27 19:49:13,756 - Knowledge - INFO - Processing batch of 10 files
2025-11-27 19:49:13,760 - Knowledge - INFO - Async storing batch of 15 embeddings
2025-11-27 19:49:13,765 - Knowledge - INFO - [WEBSOCKET] Sent: Type=progress_update, Size: 274, Duration: 0ms
2025-11-27 19:49:13,769 - Knowledge - INFO - Fast-tracked /home/kathan/Kathan/Kavia_AI/New_Clone/graphnode-backend-api/data/b2c/12517/b7315ij/entservices-apis-12517/tools/json_generator/output/Warehouse/WarehousePlugin.json (ext=.json, size=487)
2025-11-27 19:49:13,772 - Knowledge - INFO - process ingested knowledge for /home/kathan/Kathan/Kavia_AI/New_Clone/graphnode-backend-api/data/b2c/12517/b7315ij/entservices-apis-12517/tools/json_generator/output/SharedStorage/SharedStorage.json
2025-11-27 19:49:13,788 - Knowledge - INFO - Worker kw8 processing /home/kathan/Kathan/Kavia_AI/New_Clone/graphnode-backend-api/data/b2c/12517/b7315ij/entservices-apis-12517/tools/json_generator/generate_json.py
2025-11-27 19:49:13,789 - Knowledge - INFO - [WEBSOCKET] Sent: Type=unknown, Size: ?, Duration: 24ms
2025-11-27 19:49:13,791 - Knowledge - INFO - Worker kw16 processing /home/kathan/Kathan/Kavia_AI/New_Clone/graphnode-backend-api/data/b2c/12517/b7315ij/entservices-apis-12517/tools/json_generator/output/Warehouse/Warehouse.json
2025-11-27 19:49:13,805 - Knowledge - INFO - Progress: 56.0% | Files: 192/343 | Rate: 14.02 files/sec | Queue: 0
2025-11-27 19:49:13,813 - Knowledge - INFO - Fast-tracked /home/kathan/Kathan/Kavia_AI/New_Clone/graphnode-backend-api/data/b2c/12517/b7315ij/entservices-apis-12517/tools/json_generator/generate_json.py (ext=.py, size=1006)
2025-11-27 19:49:13,814 - Knowledge - INFO - Fast-tracked /home/kathan/Kathan/Kavia_AI/New_Clone/graphnode-backend-api/data/b2c/12517/b7315ij/entservices-apis-12517/tools/json_generator/output/Warehouse/Warehouse.json (ext=.json, size=7962)
2025-11-27 19:49:13,824 - Knowledge - INFO - Worker kw8 processing /home/kathan/Kathan/Kavia_AI/New_Clone/graphnode-backend-api/data/b2c/12517/b7315ij/entservices-apis-12517/CONTRIBUTING.md
2025-11-27 19:49:13,832 - Knowledge - INFO - Async storage completed for 12 embeddings
2025-11-27 19:49:13,842 - Knowledge - INFO - Fast-tracked /home/kathan/Kathan/Kavia_AI/New_Clone/graphnode-backend-api/data/b2c/12517/b7315ij/entservices-apis-12517/CONTRIBUTING.md (ext=.md, size=267)
2025-11-27 19:49:13,857 - Knowledge - INFO - Async storage completed for 15 embeddings
2025-11-27 19:49:13,910 - Knowledge - INFO - process ingested knowledge for /home/kathan/Kathan/Kavia_AI/New_Clone/graphnode-backend-api/data/b2c/12517/b7315ij/entservices-apis-12517/tools/json_generator/output/DisplayInfo/DisplayInfoPlugin.json
2025-11-27 19:49:13,916 - Knowledge - INFO - process ingested knowledge for /home/kathan/Kathan/Kavia_AI/New_Clone/graphnode-backend-api/data/b2c/12517/b7315ij/entservices-apis-12517/tools/json_generator/output/AVInput/AVInputPlugin.json
2025-11-27 19:49:14,069 - Knowledge - INFO - process ingested knowledge for /home/kathan/Kathan/Kavia_AI/New_Clone/graphnode-backend-api/data/b2c/12517/b7315ij/entservices-apis-12517/tools/json_generator/output/DisplayInfo/DisplayInfo.json
2025-11-27 19:49:14,156 - Knowledge - INFO - process ingested knowledge for /home/kathan/Kathan/Kavia_AI/New_Clone/graphnode-backend-api/data/b2c/12517/b7315ij/entservices-apis-12517/tools/json_generator/output/AVInput/AVInput.json
2025-11-27 19:49:14,257 - Knowledge - INFO - Processing batch of 10 files
2025-11-27 19:49:14,257 - Knowledge - INFO - process ingested knowledge for /home/kathan/Kathan/Kavia_AI/New_Clone/graphnode-backend-api/data/b2c/12517/b7315ij/entservices-apis-12517/tools/json_generator/output/SharedStorage/SharedStoragePlugin.json
2025-11-27 19:49:14,258 - Knowledge - INFO - process ingested knowledge for /home/kathan/Kathan/Kavia_AI/New_Clone/graphnode-backend-api/data/b2c/12517/b7315ij/entservices-apis-12517/tools/json_generator/output/XCast/XCastPlugin.json
2025-11-27 19:49:14,350 - Knowledge - INFO - process ingested knowledge for /home/kathan/Kathan/Kavia_AI/New_Clone/graphnode-backend-api/data/b2c/12517/b7315ij/entservices-apis-12517/tools/json_generator/output/FrameRate/FrameRatePlugin.json
2025-11-27 19:49:14,359 - Knowledge - INFO - Processing batch of 2 files
2025-11-27 19:49:14,365 - Knowledge - INFO - Processing batch of 10 files
2025-11-27 19:49:14,365 - Knowledge - INFO - process ingested knowledge for /home/kathan/Kathan/Kavia_AI/New_Clone/graphnode-backend-api/data/b2c/12517/b7315ij/entservices-apis-12517/tools/json_generator/generate_json.py
2025-11-27 19:49:14,370 - Knowledge - INFO - process ingested knowledge for /home/kathan/Kathan/Kavia_AI/New_Clone/graphnode-backend-api/data/b2c/12517/b7315ij/entservices-apis-12517/tools/json_generator/output/common/common.json
2025-11-27 19:49:14,376 - Knowledge - INFO - process ingested knowledge for /home/kathan/Kathan/Kavia_AI/New_Clone/graphnode-backend-api/data/b2c/12517/b7315ij/entservices-apis-12517/tools/json_generator/output/MaintenanceManager/MaintenanceManager.json
2025-11-27 19:49:14,460 - Knowledge - INFO - process ingested knowledge for /home/kathan/Kathan/Kavia_AI/New_Clone/graphnode-backend-api/data/b2c/12517/b7315ij/entservices-apis-12517/tools/json_generator/output/FrameRate/FrameRate.json
2025-11-27 19:49:14,467 - Knowledge - INFO - Processing batch of 10 files
2025-11-27 19:49:14,467 - Knowledge - INFO - process ingested knowledge for /home/kathan/Kathan/Kavia_AI/New_Clone/graphnode-backend-api/data/b2c/12517/b7315ij/entservices-apis-12517/tools/json_generator/output/WebKitBrowser/WebKitBrowserPlugin.json
2025-11-27 19:49:14,468 - Knowledge - INFO - process ingested knowledge for /home/kathan/Kathan/Kavia_AI/New_Clone/graphnode-backend-api/data/b2c/12517/b7315ij/entservices-apis-12517/tools/json_generator/output/Telemetry/TelemetryPlugin.json
2025-11-27 19:49:14,471 - Knowledge - INFO - process ingested knowledge for /home/kathan/Kathan/Kavia_AI/New_Clone/graphnode-backend-api/data/b2c/12517/b7315ij/entservices-apis-12517/tools/json_generator/output/MaintenanceManager/MaintenanceManagerPlugin.json
2025-11-27 19:49:14,547 - Knowledge - INFO - process ingested knowledge for /home/kathan/Kathan/Kavia_AI/New_Clone/graphnode-backend-api/data/b2c/12517/b7315ij/entservices-apis-12517/tools/json_generator/output/LEDControl/LEDControl.json
2025-11-27 19:49:14,558 - Knowledge - INFO - process ingested knowledge for /home/kathan/Kathan/Kavia_AI/New_Clone/graphnode-backend-api/data/b2c/12517/b7315ij/entservices-apis-12517/tools/json_generator/output/WebKitBrowser/WebKitBrowser.json
2025-11-27 19:49:14,572 - Knowledge - INFO - process ingested knowledge for /home/kathan/Kathan/Kavia_AI/New_Clone/graphnode-backend-api/data/b2c/12517/b7315ij/entservices-apis-12517/tools/json_generator/output/LEDControl/LEDControlPlugin.json
2025-11-27 19:49:14,579 - Knowledge - INFO - Processing batch of 10 files
2025-11-27 19:49:14,584 - Knowledge - INFO - process ingested knowledge for /home/kathan/Kathan/Kavia_AI/New_Clone/graphnode-backend-api/data/b2c/12517/b7315ij/entservices-apis-12517/tools/json_generator/output/PerformanceMetrics/PerformanceMetricsPlugin.json
2025-11-27 19:49:14,584 - Knowledge - INFO - process ingested knowledge for /home/kathan/Kathan/Kavia_AI/New_Clone/graphnode-backend-api/data/b2c/12517/b7315ij/entservices-apis-12517/tools/json_generator/output/UserSettings/UserSettingsPlugin.json
2025-11-27 19:49:14,589 - Knowledge - INFO - process ingested knowledge for /home/kathan/Kathan/Kavia_AI/New_Clone/graphnode-backend-api/data/b2c/12517/b7315ij/entservices-apis-12517/tools/json_generator/output/SystemAudioPlayer/SystemAudioPlayerPlugin.json
2025-11-27 19:49:14,590 - Knowledge - INFO - process ingested knowledge for /home/kathan/Kathan/Kavia_AI/New_Clone/graphnode-backend-api/data/b2c/12517/b7315ij/entservices-apis-12517/CONTRIBUTING.md
2025-11-27 19:49:14,676 - Knowledge - INFO - process ingested knowledge for /home/kathan/Kathan/Kavia_AI/New_Clone/graphnode-backend-api/data/b2c/12517/b7315ij/entservices-apis-12517/tools/json_generator/output/Telemetry/Telemetry.json
2025-11-27 19:49:14,681 - Knowledge - INFO - process ingested knowledge for /home/kathan/Kathan/Kavia_AI/New_Clone/graphnode-backend-api/data/b2c/12517/b7315ij/entservices-apis-12517/tools/json_generator/output/UserSettings/UserSettings.json
2025-11-27 19:49:14,766 - Knowledge - INFO - process ingested knowledge for /home/kathan/Kathan/Kavia_AI/New_Clone/graphnode-backend-api/data/b2c/12517/b7315ij/entservices-apis-12517/tools/json_generator/output/LifecycleManager/LifecycleManager.json
2025-11-27 19:49:14,770 - Knowledge - INFO - process ingested knowledge for /home/kathan/Kathan/Kavia_AI/New_Clone/graphnode-backend-api/data/b2c/12517/b7315ij/entservices-apis-12517/tools/json_generator/output/SystemAudioPlayer/SystemAudioPlayer.json
2025-11-27 19:49:14,771 - Knowledge - INFO - Processing batch of 10 files
2025-11-27 19:49:14,777 - Knowledge - INFO - process ingested knowledge for /home/kathan/Kathan/Kavia_AI/New_Clone/graphnode-backend-api/data/b2c/12517/b7315ij/entservices-apis-12517/tools/json_generator/output/DTV/DTV.json
2025-11-27 19:49:14,778 - Knowledge - INFO - process ingested knowledge for /home/kathan/Kathan/Kavia_AI/New_Clone/graphnode-backend-api/data/b2c/12517/b7315ij/entservices-apis-12517/tools/json_generator/output/StorageManager/StorageManagerPlugin.json
2025-11-27 19:49:14,779 - Knowledge - INFO - process ingested knowledge for /home/kathan/Kathan/Kavia_AI/New_Clone/graphnode-backend-api/data/b2c/12517/b7315ij/entservices-apis-12517/tools/json_generator/output/RemoteControl/RemoteControl.json
2025-11-27 19:49:14,783 - Knowledge - INFO - process ingested knowledge for /home/kathan/Kathan/Kavia_AI/New_Clone/graphnode-backend-api/data/b2c/12517/b7315ij/entservices-apis-12517/tools/json_generator/output/HdcpProfile/HdcpProfilePlugin.json
2025-11-27 19:49:14,834 - Knowledge - INFO - process ingested knowledge for /home/kathan/Kathan/Kavia_AI/New_Clone/graphnode-backend-api/data/b2c/12517/b7315ij/entservices-apis-12517/tools/json_generator/output/DTV/DTVPlugin.json
2025-11-27 19:49:14,838 - Knowledge - INFO - process ingested knowledge for /home/kathan/Kathan/Kavia_AI/New_Clone/graphnode-backend-api/data/b2c/12517/b7315ij/entservices-apis-12517/tools/json_generator/output/LifecycleManager/LifecycleManagerPlugin.json
2025-11-27 19:49:14,839 - Knowledge - INFO - process ingested knowledge for /home/kathan/Kathan/Kavia_AI/New_Clone/graphnode-backend-api/data/b2c/12517/b7315ij/entservices-apis-12517/tools/json_generator/output/RemoteControl/RemoteControlPlugin.json
2025-11-27 19:49:14,845 - Knowledge - INFO - process ingested knowledge for /home/kathan/Kathan/Kavia_AI/New_Clone/graphnode-backend-api/data/b2c/12517/b7315ij/entservices-apis-12517/tools/json_generator/output/PowerManager/PowerManagerPlugin.json
2025-11-27 19:49:14,858 - Knowledge - INFO - process ingested knowledge for /home/kathan/Kathan/Kavia_AI/New_Clone/graphnode-backend-api/data/b2c/12517/b7315ij/entservices-apis-12517/tools/json_generator/output/HdcpProfile/HdcpProfile.json
2025-11-27 19:49:14,863 - Knowledge - INFO - process ingested knowledge for /home/kathan/Kathan/Kavia_AI/New_Clone/graphnode-backend-api/data/b2c/12517/b7315ij/entservices-apis-12517/tools/json_generator/output/LinearPlaybackControl/LinearPlaybackControlPlugin.json
2025-11-27 19:49:14,874 - Knowledge - INFO - process ingested knowledge for /home/kathan/Kathan/Kavia_AI/New_Clone/graphnode-backend-api/data/b2c/12517/b7315ij/entservices-apis-12517/tools/json_generator/output/FrontPanel/FrontPanel.json
2025-11-27 19:49:14,933 - Knowledge - INFO - process ingested knowledge for /home/kathan/Kathan/Kavia_AI/New_Clone/graphnode-backend-api/data/b2c/12517/b7315ij/entservices-apis-12517/tools/json_generator/output/PowerManager/PowerManager.json
2025-11-27 19:49:14,936 - Knowledge - INFO - process ingested knowledge for /home/kathan/Kathan/Kavia_AI/New_Clone/graphnode-backend-api/data/b2c/12517/b7315ij/entservices-apis-12517/tools/json_generator/output/Bluetooth/BluetoothPlugin.json
2025-11-27 19:49:14,945 - Knowledge - INFO - process ingested knowledge for /home/kathan/Kathan/Kavia_AI/New_Clone/graphnode-backend-api/data/b2c/12517/b7315ij/entservices-apis-12517/tools/json_generator/output/FrontPanel/FrontPanelPlugin.json
2025-11-27 19:49:14,997 - Knowledge - INFO - process ingested knowledge for /home/kathan/Kathan/Kavia_AI/New_Clone/graphnode-backend-api/data/b2c/12517/b7315ij/entservices-apis-12517/tools/json_generator/output/LinearPlaybackControl/LinearPlaybackControl.json
2025-11-27 19:49:15,005 - Knowledge - INFO - process ingested knowledge for /home/kathan/Kathan/Kavia_AI/New_Clone/graphnode-backend-api/data/b2c/12517/b7315ij/entservices-apis-12517/tools/json_generator/output/StorageManager/StorageManager.json
2025-11-27 19:49:15,009 - Knowledge - INFO - process ingested knowledge for /home/kathan/Kathan/Kavia_AI/New_Clone/graphnode-backend-api/data/b2c/12517/b7315ij/entservices-apis-12517/tools/json_generator/output/Bluetooth/Bluetooth.json
2025-11-27 19:49:15,021 - Knowledge - INFO - process ingested knowledge for /home/kathan/Kathan/Kavia_AI/New_Clone/graphnode-backend-api/data/b2c/12517/b7315ij/entservices-apis-12517/tools/json_generator/output/PlayerInfo/PlayerInfo.json
2025-11-27 19:49:15,024 - Knowledge - INFO - process ingested knowledge for /home/kathan/Kathan/Kavia_AI/New_Clone/graphnode-backend-api/data/b2c/12517/b7315ij/entservices-apis-12517/tools/json_generator/output/Monitor/Monitor.json
2025-11-27 19:49:15,045 - Knowledge - INFO - process ingested knowledge for /home/kathan/Kathan/Kavia_AI/New_Clone/graphnode-backend-api/data/b2c/12517/b7315ij/entservices-apis-12517/tools/json_generator/output/ScreenCapture/ScreenCapturePlugin.json
2025-11-27 19:49:15,047 - Knowledge - INFO - process ingested knowledge for /home/kathan/Kathan/Kavia_AI/New_Clone/graphnode-backend-api/data/b2c/12517/b7315ij/entservices-apis-12517/tools/json_generator/output/TextToSpeech/TextToSpeech.json
2025-11-27 19:49:15,071 - Knowledge - INFO - process ingested knowledge for /home/kathan/Kathan/Kavia_AI/New_Clone/graphnode-backend-api/data/b2c/12517/b7315ij/entservices-apis-12517/tools/json_generator/output/Monitor/MonitorPlugin.json
2025-11-27 19:49:15,081 - Knowledge - INFO - process ingested knowledge for /home/kathan/Kathan/Kavia_AI/New_Clone/graphnode-backend-api/data/b2c/12517/b7315ij/entservices-apis-12517/tools/json_generator/output/ScreenCapture/ScreenCapture.json
2025-11-27 19:49:15,172 - Knowledge - INFO - process ingested knowledge for /home/kathan/Kathan/Kavia_AI/New_Clone/graphnode-backend-api/data/b2c/12517/b7315ij/entservices-apis-12517/tools/json_generator/output/XCast/XCast.json
2025-11-27 19:49:15,184 - Knowledge - INFO - process ingested knowledge for /home/kathan/Kathan/Kavia_AI/New_Clone/graphnode-backend-api/data/b2c/12517/b7315ij/entservices-apis-12517/tools/json_generator/output/TextToSpeech/TextToSpeechPlugin.json
2025-11-27 19:49:15,197 - Knowledge - INFO - process ingested knowledge for /home/kathan/Kathan/Kavia_AI/New_Clone/graphnode-backend-api/data/b2c/12517/b7315ij/entservices-apis-12517/tools/json_generator/output/USBDevice/USBDevice.json
2025-11-27 19:49:15,216 - Knowledge - INFO - process ingested knowledge for /home/kathan/Kathan/Kavia_AI/New_Clone/graphnode-backend-api/data/b2c/12517/b7315ij/entservices-apis-12517/tools/json_generator/output/USBDevice/USBDevicePlugin.json
2025-11-27 19:49:15,327 - Knowledge - INFO - process ingested knowledge for /home/kathan/Kathan/Kavia_AI/New_Clone/graphnode-backend-api/data/b2c/12517/b7315ij/entservices-apis-12517/tools/json_generator/output/PackageManager/PackageInstaller.json
2025-11-27 19:49:15,348 - Knowledge - INFO - process ingested knowledge for /home/kathan/Kathan/Kavia_AI/New_Clone/graphnode-backend-api/data/b2c/12517/b7315ij/entservices-apis-12517/tools/json_generator/output/PlayerInfo/PlayerInfoPlugin.json
2025-11-27 19:49:15,352 - Knowledge - INFO - process ingested knowledge for /home/kathan/Kathan/Kavia_AI/New_Clone/graphnode-backend-api/data/b2c/12517/b7315ij/entservices-apis-12517/tools/json_generator/output/PackageManager/PackageDownloader.json
2025-11-27 19:49:15,352 - Knowledge - INFO - process ingested knowledge for /home/kathan/Kathan/Kavia_AI/New_Clone/graphnode-backend-api/data/b2c/12517/b7315ij/entservices-apis-12517/tools/json_generator/output/DeviceDiagnostics/DeviceDiagnostics.json
2025-11-27 19:49:15,355 - Knowledge - INFO - process ingested knowledge for /home/kathan/Kathan/Kavia_AI/New_Clone/graphnode-backend-api/data/b2c/12517/b7315ij/entservices-apis-12517/tools/json_generator/output/AVOutput/AVOutput.json
2025-11-27 19:49:15,589 - Knowledge - INFO - process ingested knowledge for /home/kathan/Kathan/Kavia_AI/New_Clone/graphnode-backend-api/data/b2c/12517/b7315ij/entservices-apis-12517/tools/json_generator/output/OpenCDMi/OpenCDMi.json
2025-11-27 19:49:15,787 - Knowledge - INFO - process ingested knowledge for /home/kathan/Kathan/Kavia_AI/New_Clone/graphnode-backend-api/data/b2c/12517/b7315ij/entservices-apis-12517/tools/json_generator/output/USBMassStorage/USBMassStoragePlugin.json
2025-11-27 19:49:15,794 - Knowledge - INFO - process ingested knowledge for /home/kathan/Kathan/Kavia_AI/New_Clone/graphnode-backend-api/data/b2c/12517/b7315ij/entservices-apis-12517/tools/json_generator/output/DeviceDiagnostics/DeviceDiagnosticsPlugin.json
2025-11-27 19:49:15,841 - Knowledge - INFO - [LLM_CALL] Completed: IAppNotifications.h:chunk1, Duration: 13962ms, PromptTokens: 2806, CompletionTokens: 460, Cost: $0.00046
2025-11-27 19:49:15,848 - Knowledge - INFO - done ingest for /home/kathan/Kathan/Kavia_AI/New_Clone/graphnode-backend-api/data/b2c/12517/b7315ij/entservices-apis-12517/apis/AppNotifications/IAppNotifications.h
2025-11-27 19:49:16,026 - Knowledge - INFO - process ingested knowledge for /home/kathan/Kathan/Kavia_AI/New_Clone/graphnode-backend-api/data/b2c/12517/b7315ij/entservices-apis-12517/tools/json_generator/output/OpenCDMi/OpenCDMiPlugin.json
2025-11-27 19:49:16,026 - Knowledge - INFO - process ingested knowledge for /home/kathan/Kathan/Kavia_AI/New_Clone/graphnode-backend-api/data/b2c/12517/b7315ij/entservices-apis-12517/tools/json_generator/output/USBMassStorage/USBMassStorage.json
2025-11-27 19:49:16,526 - Knowledge - INFO - process ingested knowledge for /home/kathan/Kathan/Kavia_AI/New_Clone/graphnode-backend-api/data/b2c/12517/b7315ij/entservices-apis-12517/tools/json_generator/output/Warehouse/WarehousePlugin.json
2025-11-27 19:49:16,678 - Knowledge - INFO - [LLM_CALL] Completed: IFirmwareUpdate.h:chunk1, Duration: 14622ms, PromptTokens: 2946, CompletionTokens: 485, Cost: $0.00049
2025-11-27 19:49:16,679 - Knowledge - INFO - done ingest for /home/kathan/Kathan/Kavia_AI/New_Clone/graphnode-backend-api/data/b2c/12517/b7315ij/entservices-apis-12517/apis/FirmwareUpdate/IFirmwareUpdate.h
2025-11-27 19:49:16,739 - Knowledge - INFO - process ingested knowledge for /home/kathan/Kathan/Kavia_AI/New_Clone/graphnode-backend-api/data/b2c/12517/b7315ij/entservices-apis-12517/tools/json_generator/output/Warehouse/Warehouse.json
2025-11-27 19:49:17,103 - Knowledge - INFO - [WEBSOCKET] Sent: Type=progress_update, Size: 274, Duration: 0ms
2025-11-27 19:49:17,104 - Knowledge - INFO - [WEBSOCKET] Sent: Type=unknown, Size: ?, Duration: 1ms
2025-11-27 19:49:17,104 - Knowledge - INFO - Progress: 65.9% | Files: 226/343 | Rate: 13.28 files/sec | Queue: 0
2025-11-27 19:49:19,417 - Knowledge - INFO - [LLM_CALL] Completed: IUSBMassStorage.h:chunk1, Duration: 17795ms, PromptTokens: 3338, CompletionTokens: 568, Cost: $0.00056
2025-11-27 19:49:19,418 - Knowledge - INFO - done ingest for /home/kathan/Kathan/Kavia_AI/New_Clone/graphnode-backend-api/data/b2c/12517/b7315ij/entservices-apis-12517/apis/USBMassStorage/IUSBMassStorage.h
2025-11-27 19:49:24,032 - Knowledge - INFO - [LLM_CALL] Completed: generate_md_from_header.py:chunk1, Duration: 21295ms, PromptTokens: 4350, CompletionTokens: 736, Cost: $0.00073
2025-11-27 19:49:24,037 - Knowledge - INFO - done ingest for /home/kathan/Kathan/Kavia_AI/New_Clone/graphnode-backend-api/data/b2c/12517/b7315ij/entservices-apis-12517/tools/md_generator/h2md/generate_md_from_header.py
2025-11-27 19:49:26,865 - Knowledge - INFO - [LLM_CALL] Completed: IXCast.h:chunk1, Duration: 24942ms, PromptTokens: 6828, CompletionTokens: 908, Cost: $0.00105
2025-11-27 19:49:26,867 - Knowledge - INFO - done ingest for /home/kathan/Kathan/Kavia_AI/New_Clone/graphnode-backend-api/data/b2c/12517/b7315ij/entservices-apis-12517/apis/XCast/IXCast.h
2025-11-27 19:49:27,964 - Knowledge - INFO - [LLM_CALL] Completed: IBrowser.h:chunk1, Duration: 25741ms, PromptTokens: 5634, CompletionTokens: 905, Cost: $0.00093
2025-11-27 19:49:27,965 - Knowledge - INFO - done ingest for /home/kathan/Kathan/Kavia_AI/New_Clone/graphnode-backend-api/data/b2c/12517/b7315ij/entservices-apis-12517/apis/WebKitBrowser/IBrowser.h
2025-11-27 19:49:31,113 - Knowledge - INFO - [LLM_CALL] Completed: IStore2.h:chunk1, Duration: 28937ms, PromptTokens: 2580, CompletionTokens: 586, Cost: $0.00049
2025-11-27 19:49:31,114 - Knowledge - INFO - done ingest for /home/kathan/Kathan/Kavia_AI/New_Clone/graphnode-backend-api/data/b2c/12517/b7315ij/entservices-apis-12517/apis/PersistentStore/IStore2.h
2025-11-27 19:49:32,579 - Knowledge - INFO - [LLM_CALL] Completed: IWarehouse.h:chunk1, Duration: 30677ms, PromptTokens: 2614, CompletionTokens: 506, Cost: $0.00046
2025-11-27 19:49:32,587 - Knowledge - INFO - done ingest for /home/kathan/Kathan/Kavia_AI/New_Clone/graphnode-backend-api/data/b2c/12517/b7315ij/entservices-apis-12517/apis/Warehouse/IWarehouse.h
2025-11-27 19:49:33,480 - Knowledge - INFO - Processing batch of 15 files
2025-11-27 19:49:33,486 - Knowledge - INFO - process ingested knowledge for /home/kathan/Kathan/Kavia_AI/New_Clone/graphnode-backend-api/data/b2c/12517/b7315ij/entservices-apis-12517/apis/USBMassStorage/IUSBMassStorage.h
2025-11-27 19:49:33,516 - Knowledge - INFO - process ingested knowledge for /home/kathan/Kathan/Kavia_AI/New_Clone/graphnode-backend-api/data/b2c/12517/b7315ij/entservices-apis-12517/apis/PreinstallManager/IPreinstallManager.h
2025-11-27 19:49:33,581 - Knowledge - INFO - process ingested knowledge for /home/kathan/Kathan/Kavia_AI/New_Clone/graphnode-backend-api/data/b2c/12517/b7315ij/entservices-apis-12517/apis/Warehouse/IWarehouse.h
2025-11-27 19:49:33,599 - Knowledge - INFO - process ingested knowledge for /home/kathan/Kathan/Kavia_AI/New_Clone/graphnode-backend-api/data/b2c/12517/b7315ij/entservices-apis-12517/CHANGELOG.md
2025-11-27 19:49:33,635 - Knowledge - INFO - process ingested knowledge for /home/kathan/Kathan/Kavia_AI/New_Clone/graphnode-backend-api/data/b2c/12517/b7315ij/entservices-apis-12517/docs/homepage.md
2025-11-27 19:49:33,664 - Knowledge - INFO - process ingested knowledge for /home/kathan/Kathan/Kavia_AI/New_Clone/graphnode-backend-api/data/b2c/12517/b7315ij/entservices-apis-12517/docs/_coverpage.md
2025-11-27 19:49:33,703 - Knowledge - INFO - process ingested knowledge for /home/kathan/Kathan/Kavia_AI/New_Clone/graphnode-backend-api/data/b2c/12517/b7315ij/entservices-apis-12517/docs/_sidebar.md
2025-11-27 19:49:33,752 - Knowledge - INFO - process ingested knowledge for /home/kathan/Kathan/Kavia_AI/New_Clone/graphnode-backend-api/data/b2c/12517/b7315ij/entservices-apis-12517/docs/apis/Migration.md
2025-11-27 19:49:33,891 - Knowledge - INFO - process ingested knowledge for /home/kathan/Kathan/Kavia_AI/New_Clone/graphnode-backend-api/data/b2c/12517/b7315ij/entservices-apis-12517/docs/apis/TextTrack.md
2025-11-27 19:49:33,936 - Knowledge - INFO - process ingested knowledge for /home/kathan/Kathan/Kavia_AI/New_Clone/graphnode-backend-api/data/b2c/12517/b7315ij/entservices-apis-12517/docs/apis/USBMassStorage.md
2025-11-27 19:49:33,975 - Knowledge - INFO - process ingested knowledge for /home/kathan/Kathan/Kavia_AI/New_Clone/graphnode-backend-api/data/b2c/12517/b7315ij/entservices-apis-12517/docs/apis/HdmiCecSource.md
2025-11-27 19:49:34,002 - Knowledge - INFO - process ingested knowledge for /home/kathan/Kathan/Kavia_AI/New_Clone/graphnode-backend-api/data/b2c/12517/b7315ij/entservices-apis-12517/docs/apis/SystemPlugin.md
2025-11-27 19:49:34,046 - Knowledge - INFO - process ingested knowledge for /home/kathan/Kathan/Kavia_AI/New_Clone/graphnode-backend-api/data/b2c/12517/b7315ij/entservices-apis-12517/docs/apis/USBDevice.md
2025-11-27 19:49:34,100 - Knowledge - INFO - process ingested knowledge for /home/kathan/Kathan/Kavia_AI/New_Clone/graphnode-backend-api/data/b2c/12517/b7315ij/entservices-apis-12517/docs/apis/LEDControl.md
2025-11-27 19:49:34,124 - Knowledge - INFO - process ingested knowledge for /home/kathan/Kathan/Kavia_AI/New_Clone/graphnode-backend-api/data/b2c/12517/b7315ij/entservices-apis-12517/docs/apis/ScreenCapture.md
2025-11-27 19:49:34,357 - Knowledge - INFO - [LLM_CALL] Completed: IDeviceInfo.h:chunk1, Duration: 32314ms, PromptTokens: 3964, CompletionTokens: 835, Cost: $0.00073
2025-11-27 19:49:34,363 - Knowledge - INFO - done ingest for /home/kathan/Kathan/Kavia_AI/New_Clone/graphnode-backend-api/data/b2c/12517/b7315ij/entservices-apis-12517/apis/DeviceInfo/IDeviceInfo.h
2025-11-27 19:49:34,895 - Knowledge - INFO - [LLM_CALL] Completed: generate_md.py:chunk1, Duration: 32368ms, PromptTokens: 3238, CompletionTokens: 420, Cost: $0.00049
2025-11-27 19:49:34,898 - Knowledge - INFO - done ingest for /home/kathan/Kathan/Kavia_AI/New_Clone/graphnode-backend-api/data/b2c/12517/b7315ij/entservices-apis-12517/tools/md_generator/generate_md.py
2025-11-27 19:49:36,381 - Knowledge - INFO - [LLM_CALL] Completed: ILifecycleManagerState.h:chunk1, Duration: 34519ms, PromptTokens: 2352, CompletionTokens: 366, Cost: $0.00038
2025-11-27 19:49:36,382 - Knowledge - INFO - done ingest for /home/kathan/Kathan/Kavia_AI/New_Clone/graphnode-backend-api/data/b2c/12517/b7315ij/entservices-apis-12517/apis/LifecycleManager/ILifecycleManagerState.h
2025-11-27 19:49:36,507 - Knowledge - INFO - [WEBSOCKET] Sent: Type=progress_update, Size: 273, Duration: 0ms
2025-11-27 19:49:36,511 - Knowledge - INFO - [WEBSOCKET] Sent: Type=unknown, Size: ?, Duration: 3ms
2025-11-27 19:49:36,512 - Knowledge - INFO - Progress: 70.3% | Files: 241/343 | Rate: 6.62 files/sec | Queue: 0
2025-11-27 19:49:40,360 - Knowledge - INFO - [LLM_CALL] Completed: IDisplayInfo.h:chunk1, Duration: 37963ms, PromptTokens: 5032, CompletionTokens: 940, Cost: $0.00088
2025-11-27 19:49:40,361 - Knowledge - INFO - done ingest for /home/kathan/Kathan/Kavia_AI/New_Clone/graphnode-backend-api/data/b2c/12517/b7315ij/entservices-apis-12517/apis/DisplayInfo/IDisplayInfo.h
2025-11-27 19:49:40,659 - Knowledge - INFO - [LLM_CALL] Completed: IOCDM.h:chunk1, Duration: 39053ms, PromptTokens: 7808, CompletionTokens: 1451, Cost: $0.00136
2025-11-27 19:49:40,663 - Knowledge - INFO - done ingest for /home/kathan/Kathan/Kavia_AI/New_Clone/graphnode-backend-api/data/b2c/12517/b7315ij/entservices-apis-12517/apis/OpenCDMi/IOCDM.h
2025-11-27 19:49:46,925 - Knowledge - INFO - [LLM_CALL] Completed: Log.py:chunk1, Duration: 44529ms, PromptTokens: 2780, CompletionTokens: 489, Cost: $0.00047
2025-11-27 19:49:46,932 - Knowledge - INFO - done ingest for /home/kathan/Kathan/Kavia_AI/New_Clone/graphnode-backend-api/data/b2c/12517/b7315ij/entservices-apis-12517/tools/md_generator/json2md/Log.py
2025-11-27 19:49:48,185 - Knowledge - INFO - [LLM_CALL] Completed: IAppPackageManager.h:chunk1, Duration: 45515ms, PromptTokens: 5556, CompletionTokens: 835, Cost: $0.00089
2025-11-27 19:49:48,186 - Knowledge - INFO - done ingest for /home/kathan/Kathan/Kavia_AI/New_Clone/graphnode-backend-api/data/b2c/12517/b7315ij/entservices-apis-12517/apis/PackageManager/IAppPackageManager.h
2025-11-27 19:49:48,717 - Knowledge - INFO - [LLM_CALL] Completed: IComposition.h:chunk1, Duration: 46204ms, PromptTokens: 3348, CompletionTokens: 589, Cost: $0.00057
2025-11-27 19:49:48,720 - Knowledge - INFO - done ingest for /home/kathan/Kathan/Kavia_AI/New_Clone/graphnode-backend-api/data/b2c/12517/b7315ij/entservices-apis-12517/apis/wpeframework-clientlibraries/IComposition.h
2025-11-27 19:49:50,131 - Knowledge - INFO - [LLM_CALL] Completed: IFrontPanel.h:chunk1, Duration: 48119ms, PromptTokens: 2866, CompletionTokens: 414, Cost: $0.00045
2025-11-27 19:49:50,131 - Knowledge - INFO - done ingest for /home/kathan/Kathan/Kavia_AI/New_Clone/graphnode-backend-api/data/b2c/12517/b7315ij/entservices-apis-12517/apis/FrontPanel/IFrontPanel.h
2025-11-27 19:49:59,271 - Knowledge - INFO - [LLM_CALL] Completed: IAppManager.h:chunk1, Duration: 56672ms, PromptTokens: 7192, CompletionTokens: 1248, Cost: $0.00122
2025-11-27 19:49:59,283 - Knowledge - INFO - done ingest for /home/kathan/Kathan/Kavia_AI/New_Clone/graphnode-backend-api/data/b2c/12517/b7315ij/entservices-apis-12517/apis/AppManager/IAppManager.h
2025-11-27 19:49:59,525 - Knowledge - INFO - [LLM_CALL] Completed: ITextTrack.h:chunk1, Duration: 57527ms, PromptTokens: 10790, CompletionTokens: 1040, Cost: $0.00149
2025-11-27 19:49:59,526 - Knowledge - INFO - done ingest for /home/kathan/Kathan/Kavia_AI/New_Clone/graphnode-backend-api/data/b2c/12517/b7315ij/entservices-apis-12517/apis/TextTrack/ITextTrack.h
2025-11-27 19:50:03,398 - Knowledge - INFO - [LLM_CALL] Completed: IOCIContainer.h:chunk1, Duration: 61174ms, PromptTokens: 4418, CompletionTokens: 660, Cost: $0.00071
2025-11-27 19:50:03,398 - Knowledge - INFO - done ingest for /home/kathan/Kathan/Kavia_AI/New_Clone/graphnode-backend-api/data/b2c/12517/b7315ij/entservices-apis-12517/apis/OCIContainer/IOCIContainer.h
2025-11-27 19:50:06,595 - Knowledge - INFO - [LLM_CALL] Completed: IHdmiCecSink.h:chunk1, Duration: 64604ms, PromptTokens: 9370, CompletionTokens: 1194, Cost: $0.00141
2025-11-27 19:50:06,596 - Knowledge - INFO - done ingest for /home/kathan/Kathan/Kavia_AI/New_Clone/graphnode-backend-api/data/b2c/12517/b7315ij/entservices-apis-12517/apis/HdmiCecSink/IHdmiCecSink.h
2025-11-27 19:50:12,185 - Knowledge - INFO - [LLM_CALL] Completed: ITextToSpeech.h:chunk1, Duration: 69946ms, PromptTokens: 3394, CompletionTokens: 561, Cost: $0.00056
2025-11-27 19:50:12,189 - Knowledge - INFO - done ingest for /home/kathan/Kathan/Kavia_AI/New_Clone/graphnode-backend-api/data/b2c/12517/b7315ij/entservices-apis-12517/apis/TextToSpeech/ITextToSpeech.h
2025-11-27 19:50:13,080 - Knowledge - INFO - [LLM_CALL] Completed: IMigration.h:chunk1, Duration: 70580ms, PromptTokens: 2248, CompletionTokens: 291, Cost: $0.00034
2025-11-27 19:50:13,081 - Knowledge - INFO - done ingest for /home/kathan/Kathan/Kavia_AI/New_Clone/graphnode-backend-api/data/b2c/12517/b7315ij/entservices-apis-12517/apis/Migration/IMigration.h
2025-11-27 19:50:17,992 - Knowledge - INFO - [LLM_CALL] Completed: header_file_parser.py:chunk1, Duration: 75344ms, PromptTokens: 23026, CompletionTokens: 1431, Cost: $0.00287
2025-11-27 19:50:17,993 - Knowledge - INFO - done ingest for /home/kathan/Kathan/Kavia_AI/New_Clone/graphnode-backend-api/data/b2c/12517/b7315ij/entservices-apis-12517/tools/md_generator/h2md/header_file_parser.py
2025-11-27 19:50:19,282 - Knowledge - INFO - [LLM_CALL] Completed: IHdmiCecSource.h:chunk1, Duration: 77755ms, PromptTokens: 4704, CompletionTokens: 873, Cost: $0.00082
2025-11-27 19:50:19,284 - Knowledge - INFO - done ingest for /home/kathan/Kathan/Kavia_AI/New_Clone/graphnode-backend-api/data/b2c/12517/b7315ij/entservices-apis-12517/apis/HdmiCecSource/IHdmiCecSource.h
2025-11-27 19:50:21,894 - Knowledge - INFO - [LLM_CALL] Completed: IUserSettings.h:chunk1, Duration: 79957ms, PromptTokens: 10334, CompletionTokens: 1442, Cost: $0.00161
2025-11-27 19:50:21,894 - Knowledge - INFO - done ingest for /home/kathan/Kathan/Kavia_AI/New_Clone/graphnode-backend-api/data/b2c/12517/b7315ij/entservices-apis-12517/apis/UserSettings/IUserSettings.h
2025-11-27 19:50:23,656 - Knowledge - INFO - [LLM_CALL] Completed: IAppGateway.h:chunk1, Duration: 81373ms, PromptTokens: 4216, CompletionTokens: 887, Cost: $0.00078
2025-11-27 19:50:23,659 - Knowledge - INFO - done ingest for /home/kathan/Kathan/Kavia_AI/New_Clone/graphnode-backend-api/data/b2c/12517/b7315ij/entservices-apis-12517/apis/AppGateway/IAppGateway.h
2025-11-27 19:50:24,455 - Knowledge - INFO - [LLM_CALL] Completed: IHdcpProfile.h:chunk1, Duration: 82278ms, PromptTokens: 2532, CompletionTokens: 509, Cost: $0.00046
2025-11-27 19:50:24,458 - Knowledge - INFO - done ingest for /home/kathan/Kathan/Kavia_AI/New_Clone/graphnode-backend-api/data/b2c/12517/b7315ij/entservices-apis-12517/apis/HdcpProfile/IHdcpProfile.h
2025-11-27 19:50:25,534 - Knowledge - INFO - [LLM_CALL] Completed: markdown_templates.py:chunk1, Duration: 82182ms, PromptTokens: 8910, CompletionTokens: 302, Cost: $0.00101
2025-11-27 19:50:25,536 - Knowledge - INFO - done ingest for /home/kathan/Kathan/Kavia_AI/New_Clone/graphnode-backend-api/data/b2c/12517/b7315ij/entservices-apis-12517/tools/md_generator/h2md/markdown_templates.py
2025-11-27 19:50:26,008 - Knowledge - INFO - Processing batch of 12 files
2025-11-27 19:50:26,013 - Knowledge - INFO - process ingested knowledge for /home/kathan/Kathan/Kavia_AI/New_Clone/graphnode-backend-api/data/b2c/12517/b7315ij/entservices-apis-12517/tools/md_generator/json2md/schemas/interface.schema.json
2025-11-27 19:50:26,042 - Knowledge - INFO - process ingested knowledge for /home/kathan/Kathan/Kavia_AI/New_Clone/graphnode-backend-api/data/b2c/12517/b7315ij/entservices-apis-12517/tools/md_generator/json2md/schemas/plugin.schema.json
2025-11-27 19:50:26,060 - Knowledge - INFO - process ingested knowledge for /home/kathan/Kathan/Kavia_AI/New_Clone/graphnode-backend-api/data/b2c/12517/b7315ij/entservices-apis-12517/tools/md_generator/json2md/docs_common.json
2025-11-27 19:50:26,084 - Knowledge - INFO - process ingested knowledge for /home/kathan/Kathan/Kavia_AI/New_Clone/graphnode-backend-api/data/b2c/12517/b7315ij/entservices-apis-12517/tools/md_generator/json2md/Log.py
2025-11-27 19:50:26,160 - Knowledge - INFO - process ingested knowledge for /home/kathan/Kathan/Kavia_AI/New_Clone/graphnode-backend-api/data/b2c/12517/b7315ij/entservices-apis-12517/tools/md_generator/update_sidebar.py
2025-11-27 19:50:26,213 - Knowledge - INFO - process ingested knowledge for /home/kathan/Kathan/Kavia_AI/New_Clone/graphnode-backend-api/data/b2c/12517/b7315ij/entservices-apis-12517/tools/md_generator/generate_md.py
2025-11-27 19:50:26,239 - Knowledge - INFO - process ingested knowledge for /home/kathan/Kathan/Kavia_AI/New_Clone/graphnode-backend-api/data/b2c/12517/b7315ij/entservices-apis-12517/tools/md_generator/h2md/header_file_parser.py
2025-11-27 19:50:26,261 - Knowledge - INFO - process ingested knowledge for /home/kathan/Kathan/Kavia_AI/New_Clone/graphnode-backend-api/data/b2c/12517/b7315ij/entservices-apis-12517/tools/md_generator/h2md/generate_md_from_header.py
2025-11-27 19:50:26,293 - Knowledge - INFO - process ingested knowledge for /home/kathan/Kathan/Kavia_AI/New_Clone/graphnode-backend-api/data/b2c/12517/b7315ij/entservices-apis-12517/tools/md_generator/h2md/README.md
2025-11-27 19:50:26,317 - Knowledge - INFO - process ingested knowledge for /home/kathan/Kathan/Kavia_AI/New_Clone/graphnode-backend-api/data/b2c/12517/b7315ij/entservices-apis-12517/tools/md_generator/h2md/logger.py
2025-11-27 19:50:26,347 - Knowledge - INFO - process ingested knowledge for /home/kathan/Kathan/Kavia_AI/New_Clone/graphnode-backend-api/data/b2c/12517/b7315ij/entservices-apis-12517/tools/md_generator/h2md/markdown_templates.py
2025-11-27 19:50:26,466 - Knowledge - INFO - process ingested knowledge for /home/kathan/Kathan/Kavia_AI/New_Clone/graphnode-backend-api/data/b2c/12517/b7315ij/entservices-apis-12517/tools/json_generator/output/SystemMode/SystemMode.json
2025-11-27 19:50:28,031 - Knowledge - INFO - [LLM_CALL] Completed: ISharedStorage.h:chunk1, Duration: 85460ms, PromptTokens: 4084, CompletionTokens: 637, Cost: $0.00066
2025-11-27 19:50:28,032 - Knowledge - INFO - done ingest for /home/kathan/Kathan/Kavia_AI/New_Clone/graphnode-backend-api/data/b2c/12517/b7315ij/entservices-apis-12517/apis/SharedStorage/ISharedStorage.h
2025-11-27 19:50:28,147 - Knowledge - INFO - [WEBSOCKET] Sent: Type=progress_update, Size: 274, Duration: 0ms
2025-11-27 19:50:28,152 - Knowledge - INFO - [WEBSOCKET] Sent: Type=unknown, Size: ?, Duration: 5ms
2025-11-27 19:50:28,153 - Knowledge - INFO - Progress: 73.8% | Files: 253/343 | Rate: 2.87 files/sec | Queue: 0
2025-11-27 19:50:31,651 - Knowledge - INFO - [LLM_CALL] Completed: IDeviceDiagnostics.h:chunk1, Duration: 89448ms, PromptTokens: 2380, CompletionTokens: 476, Cost: $0.00043
2025-11-27 19:50:31,654 - Knowledge - INFO - done ingest for /home/kathan/Kathan/Kavia_AI/New_Clone/graphnode-backend-api/data/b2c/12517/b7315ij/entservices-apis-12517/apis/DeviceDiagnostics/IDeviceDiagnostics.h
2025-11-27 19:50:31,655 - Knowledge - INFO - [LLM_CALL] Completed: IDownloadManager.h:chunk1, Duration: 90092ms, PromptTokens: 3008, CompletionTokens: 580, Cost: $0.00053
2025-11-27 19:50:31,655 - Knowledge - INFO - done ingest for /home/kathan/Kathan/Kavia_AI/New_Clone/graphnode-backend-api/data/b2c/12517/b7315ij/entservices-apis-12517/apis/DownloadManager/IDownloadManager.h
2025-11-27 19:50:33,659 - Knowledge - INFO - [LLM_CALL] Completed: ITelemetry.h:chunk1, Duration: 91382ms, PromptTokens: 2534, CompletionTokens: 485, Cost: $0.00045
2025-11-27 19:50:33,660 - Knowledge - INFO - done ingest for /home/kathan/Kathan/Kavia_AI/New_Clone/graphnode-backend-api/data/b2c/12517/b7315ij/entservices-apis-12517/apis/Telemetry/ITelemetry.h
2025-11-27 19:50:40,510 - Knowledge - INFO - [LLM_CALL] Completed: IStorageManager.h:chunk1, Duration: 98133ms, PromptTokens: 2550, CompletionTokens: 374, Cost: $0.00040
2025-11-27 19:50:40,515 - Knowledge - INFO - done ingest for /home/kathan/Kathan/Kavia_AI/New_Clone/graphnode-backend-api/data/b2c/12517/b7315ij/entservices-apis-12517/apis/StorageManager/IStorageManager.h
2025-11-27 19:50:41,799 - Knowledge - INFO - [LLM_CALL] Completed: ICryptography.h:chunk1, Duration: 99335ms, PromptTokens: 4230, CompletionTokens: 990, Cost: $0.00082
2025-11-27 19:50:41,801 - Knowledge - INFO - done ingest for /home/kathan/Kathan/Kavia_AI/New_Clone/graphnode-backend-api/data/b2c/12517/b7315ij/entservices-apis-12517/apis/wpeframework-clientlibraries/ICryptography.h
2025-11-27 19:50:42,759 - Knowledge - INFO - Processing batch of 15 files
2025-11-27 19:50:42,762 - Knowledge - INFO - process ingested knowledge for /home/kathan/Kathan/Kavia_AI/New_Clone/graphnode-backend-api/data/b2c/12517/b7315ij/entservices-apis-12517/apis/HomeKitTV/HomeKitTV.json
2025-11-27 19:50:42,792 - Knowledge - INFO - process ingested knowledge for /home/kathan/Kathan/Kavia_AI/New_Clone/graphnode-backend-api/data/b2c/12517/b7315ij/entservices-apis-12517/apis/HomeKitTV/IHomeKitTV.h
2025-11-27 19:50:42,836 - Knowledge - INFO - process ingested knowledge for /home/kathan/Kathan/Kavia_AI/New_Clone/graphnode-backend-api/data/b2c/12517/b7315ij/entservices-apis-12517/apis/SystemMode/ISystemMode.h
2025-11-27 19:50:42,901 - Knowledge - INFO - process ingested knowledge for /home/kathan/Kathan/Kavia_AI/New_Clone/graphnode-backend-api/data/b2c/12517/b7315ij/entservices-apis-12517/apis/SystemMode/IDeviceOptimizeStateActivator.h
2025-11-27 19:50:42,927 - Knowledge - INFO - process ingested knowledge for /home/kathan/Kathan/Kavia_AI/New_Clone/graphnode-backend-api/data/b2c/12517/b7315ij/entservices-apis-12517/apis/Portability.h
2025-11-27 19:50:42,954 - Knowledge - INFO - process ingested knowledge for /home/kathan/Kathan/Kavia_AI/New_Clone/graphnode-backend-api/data/b2c/12517/b7315ij/entservices-apis-12517/apis/NativeJS/INativeJS.h
2025-11-27 19:50:43,045 - Knowledge - INFO - process ingested knowledge for /home/kathan/Kathan/Kavia_AI/New_Clone/graphnode-backend-api/data/b2c/12517/b7315ij/entservices-apis-12517/apis/DeviceInfo/IDeviceInfo.h
2025-11-27 19:50:43,245 - Knowledge - INFO - process ingested knowledge for /home/kathan/Kathan/Kavia_AI/New_Clone/graphnode-backend-api/data/b2c/12517/b7315ij/entservices-apis-12517/apis/DeviceInfo/IFirmwareVersion.h
2025-11-27 19:50:43,256 - Knowledge - INFO - process ingested knowledge for /home/kathan/Kathan/Kavia_AI/New_Clone/graphnode-backend-api/data/b2c/12517/b7315ij/entservices-apis-12517/apis/DeviceInfo/DeviceInfo.json
2025-11-27 19:50:43,286 - Knowledge - INFO - process ingested knowledge for /home/kathan/Kathan/Kavia_AI/New_Clone/graphnode-backend-api/data/b2c/12517/b7315ij/entservices-apis-12517/apis/OCIContainer/IOCIContainer.h
2025-11-27 19:50:43,307 - Knowledge - INFO - process ingested knowledge for /home/kathan/Kathan/Kavia_AI/New_Clone/graphnode-backend-api/data/b2c/12517/b7315ij/entservices-apis-12517/apis/AppGateway/IAppGateway.h
2025-11-27 19:50:43,390 - Knowledge - INFO - process ingested knowledge for /home/kathan/Kathan/Kavia_AI/New_Clone/graphnode-backend-api/data/b2c/12517/b7315ij/entservices-apis-12517/apis/DeviceIdentification/DeviceIdentification.json
2025-11-27 19:50:43,424 - Knowledge - INFO - process ingested knowledge for /home/kathan/Kathan/Kavia_AI/New_Clone/graphnode-backend-api/data/b2c/12517/b7315ij/entservices-apis-12517/apis/wpeframework-clientlibraries/ICompositionBuffer.h
2025-11-27 19:50:43,441 - Knowledge - INFO - process ingested knowledge for /home/kathan/Kathan/Kavia_AI/New_Clone/graphnode-backend-api/data/b2c/12517/b7315ij/entservices-apis-12517/apis/wpeframework-clientlibraries/ICryptography.h
2025-11-27 19:50:43,485 - Knowledge - INFO - process ingested knowledge for /home/kathan/Kathan/Kavia_AI/New_Clone/graphnode-backend-api/data/b2c/12517/b7315ij/entservices-apis-12517/apis/wpeframework-clientlibraries/IComposition.h
2025-11-27 19:50:44,082 - Knowledge - INFO - [LLM_CALL] Completed: IRuntimeManager.h:chunk1, Duration: 102376ms, PromptTokens: 4218, CompletionTokens: 699, Cost: $0.00070
2025-11-27 19:50:44,082 - Knowledge - INFO - done ingest for /home/kathan/Kathan/Kavia_AI/New_Clone/graphnode-backend-api/data/b2c/12517/b7315ij/entservices-apis-12517/apis/RuntimeManager/IRuntimeManager.h
2025-11-27 19:50:45,357 - Knowledge - INFO - [WEBSOCKET] Sent: Type=progress_update, Size: 274, Duration: 0ms
2025-11-27 19:50:45,361 - Knowledge - INFO - [WEBSOCKET] Sent: Type=unknown, Size: ?, Duration: 4ms
2025-11-27 19:50:45,368 - Knowledge - INFO - Progress: 78.1% | Files: 268/343 | Rate: 2.55 files/sec | Queue: 0
2025-11-27 19:50:49,439 - Knowledge - INFO - [LLM_CALL] Completed: IAVInput.h:chunk1, Duration: 106740ms, PromptTokens: 9000, CompletionTokens: 1264, Cost: $0.00141
2025-11-27 19:50:49,440 - Knowledge - INFO - done ingest for /home/kathan/Kathan/Kavia_AI/New_Clone/graphnode-backend-api/data/b2c/12517/b7315ij/entservices-apis-12517/apis/AVInput/IAVInput.h
2025-11-27 19:50:50,263 - Knowledge - INFO - [LLM_CALL] Completed: IMiracastService.h:chunk1, Duration: 107798ms, PromptTokens: 4332, CompletionTokens: 594, Cost: $0.00067
2025-11-27 19:50:50,268 - Knowledge - INFO - done ingest for /home/kathan/Kathan/Kavia_AI/New_Clone/graphnode-backend-api/data/b2c/12517/b7315ij/entservices-apis-12517/apis/MiracastService/IMiracastService.h
2025-11-27 19:50:50,703 - Knowledge - INFO - Processing batch of 15 files
2025-11-27 19:50:50,707 - Knowledge - INFO - process ingested knowledge for /home/kathan/Kathan/Kavia_AI/New_Clone/graphnode-backend-api/data/b2c/12517/b7315ij/entservices-apis-12517/apis/MessageControl/IMessageControl.h
2025-11-27 19:50:50,723 - Knowledge - INFO - process ingested knowledge for /home/kathan/Kathan/Kavia_AI/New_Clone/graphnode-backend-api/data/b2c/12517/b7315ij/entservices-apis-12517/apis/Packager/IPackager.h
2025-11-27 19:50:50,769 - Knowledge - INFO - process ingested knowledge for /home/kathan/Kathan/Kavia_AI/New_Clone/graphnode-backend-api/data/b2c/12517/b7315ij/entservices-apis-12517/apis/Analytics/IAnalytics.h
2025-11-27 19:50:50,901 - Knowledge - INFO - process ingested knowledge for /home/kathan/Kathan/Kavia_AI/New_Clone/graphnode-backend-api/data/b2c/12517/b7315ij/entservices-apis-12517/apis/HdmiCecSink/IHdmiCecSink.h
2025-11-27 19:50:50,925 - Knowledge - INFO - process ingested knowledge for /home/kathan/Kathan/Kavia_AI/New_Clone/graphnode-backend-api/data/b2c/12517/b7315ij/entservices-apis-12517/apis/FirmwareUpdate/IFirmwareUpdate.h
2025-11-27 19:50:50,987 - Knowledge - INFO - process ingested knowledge for /home/kathan/Kathan/Kavia_AI/New_Clone/graphnode-backend-api/data/b2c/12517/b7315ij/entservices-apis-12517/apis/Netflix/INetflix.h
2025-11-27 19:50:51,051 - Knowledge - INFO - process ingested knowledge for /home/kathan/Kathan/Kavia_AI/New_Clone/graphnode-backend-api/data/b2c/12517/b7315ij/entservices-apis-12517/apis/Netflix/INetflixSecurity.h
2025-11-27 19:50:51,090 - Knowledge - INFO - process ingested knowledge for /home/kathan/Kathan/Kavia_AI/New_Clone/graphnode-backend-api/data/b2c/12517/b7315ij/entservices-apis-12517/apis/Netflix/Netflix.json
2025-11-27 19:50:51,166 - Knowledge - INFO - process ingested knowledge for /home/kathan/Kathan/Kavia_AI/New_Clone/graphnode-backend-api/data/b2c/12517/b7315ij/entservices-apis-12517/apis/DisplayInfo/IConfiguration.h
2025-11-27 19:50:51,253 - Knowledge - INFO - process ingested knowledge for /home/kathan/Kathan/Kavia_AI/New_Clone/graphnode-backend-api/data/b2c/12517/b7315ij/entservices-apis-12517/apis/DisplayInfo/IDisplayInfo.h
2025-11-27 19:50:51,318 - Knowledge - INFO - process ingested knowledge for /home/kathan/Kathan/Kavia_AI/New_Clone/graphnode-backend-api/data/b2c/12517/b7315ij/entservices-apis-12517/apis/DisplayInfo/DisplayInfo.json
2025-11-27 19:50:51,339 - Knowledge - INFO - process ingested knowledge for /home/kathan/Kathan/Kavia_AI/New_Clone/graphnode-backend-api/data/b2c/12517/b7315ij/entservices-apis-12517/apis/Migration/IMigration.h
2025-11-27 19:50:51,357 - Knowledge - INFO - process ingested knowledge for /home/kathan/Kathan/Kavia_AI/New_Clone/graphnode-backend-api/data/b2c/12517/b7315ij/entservices-apis-12517/apis/SharedStorage/ISharedStorage.h
2025-11-27 19:50:51,432 - Knowledge - INFO - process ingested knowledge for /home/kathan/Kathan/Kavia_AI/New_Clone/graphnode-backend-api/data/b2c/12517/b7315ij/entservices-apis-12517/apis/AVInput/IAVInput.h
2025-11-27 19:50:51,506 - Knowledge - INFO - process ingested knowledge for /home/kathan/Kathan/Kavia_AI/New_Clone/graphnode-backend-api/data/b2c/12517/b7315ij/entservices-apis-12517/apis/common.json
2025-11-27 19:50:53,375 - Knowledge - INFO - [WEBSOCKET] Sent: Type=progress_update, Size: 273, Duration: 0ms
2025-11-27 19:50:53,375 - Knowledge - INFO - [WEBSOCKET] Sent: Type=unknown, Size: ?, Duration: 0ms
2025-11-27 19:50:53,375 - Knowledge - INFO - Progress: 82.5% | Files: 283/343 | Rate: 2.50 files/sec | Queue: 0
2025-11-27 19:50:54,198 - Knowledge - INFO - [LLM_CALL] Completed: IDRM.h:chunk1, Duration: 112322ms, PromptTokens: 11602, CompletionTokens: 1454, Cost: $0.00174
2025-11-27 19:50:54,199 - Knowledge - INFO - done ingest for /home/kathan/Kathan/Kavia_AI/New_Clone/graphnode-backend-api/data/b2c/12517/b7315ij/entservices-apis-12517/apis/OpenCDMi/IDRM.h
2025-11-27 19:50:56,881 - Knowledge - INFO - [LLM_CALL] Completed: IRDKWindowManager.h:chunk1, Duration: 115287ms, PromptTokens: 5604, CompletionTokens: 928, Cost: $0.00093
2025-11-27 19:50:56,881 - Knowledge - INFO - done ingest for /home/kathan/Kathan/Kavia_AI/New_Clone/graphnode-backend-api/data/b2c/12517/b7315ij/entservices-apis-12517/apis/RDKWindowManager/IRDKWindowManager.h
2025-11-27 19:50:56,947 - Knowledge - INFO - [LLM_CALL] Completed: Ids.h:chunk1, Duration: 114795ms, PromptTokens: 9330, CompletionTokens: 213, Cost: $0.00102
2025-11-27 19:50:56,969 - Knowledge - INFO - done ingest for /home/kathan/Kathan/Kavia_AI/New_Clone/graphnode-backend-api/data/b2c/12517/b7315ij/entservices-apis-12517/apis/Ids.h
2025-11-27 19:50:57,352 - Knowledge - INFO - [LLM_CALL] Completed: ILifecycleManager.h:chunk1, Duration: 115628ms, PromptTokens: 3046, CompletionTokens: 528, Cost: $0.00052
2025-11-27 19:50:57,353 - Knowledge - INFO - done ingest for /home/kathan/Kathan/Kavia_AI/New_Clone/graphnode-backend-api/data/b2c/12517/b7315ij/entservices-apis-12517/apis/LifecycleManager/ILifecycleManager.h
2025-11-27 19:50:59,773 - Knowledge - INFO - Processing batch of 15 files
2025-11-27 19:50:59,774 - Knowledge - INFO - process ingested knowledge for /home/kathan/Kathan/Kavia_AI/New_Clone/graphnode-backend-api/data/b2c/12517/b7315ij/entservices-apis-12517/apis/HdmiCecSource/IHdmiCecSource.h
2025-11-27 19:50:59,800 - Knowledge - INFO - process ingested knowledge for /home/kathan/Kathan/Kavia_AI/New_Clone/graphnode-backend-api/data/b2c/12517/b7315ij/entservices-apis-12517/apis/DownloadManager/IDownloadManager.h
2025-11-27 19:50:59,877 - Knowledge - INFO - process ingested knowledge for /home/kathan/Kathan/Kavia_AI/New_Clone/graphnode-backend-api/data/b2c/12517/b7315ij/entservices-apis-12517/apis/RDKWindowManager/IRDKWindowManager.h
2025-11-27 19:51:00,220 - Knowledge - INFO - process ingested knowledge for /home/kathan/Kathan/Kavia_AI/New_Clone/graphnode-backend-api/data/b2c/12517/b7315ij/entservices-apis-12517/apis/RuntimeManager/IRuntimeManager.h
2025-11-27 19:51:00,452 - Knowledge - INFO - process ingested knowledge for /home/kathan/Kathan/Kavia_AI/New_Clone/graphnode-backend-api/data/b2c/12517/b7315ij/entservices-apis-12517/apis/AppNotifications/IAppNotifications.h
2025-11-27 19:51:00,511 - Knowledge - INFO - process ingested knowledge for /home/kathan/Kathan/Kavia_AI/New_Clone/graphnode-backend-api/data/b2c/12517/b7315ij/entservices-apis-12517/apis/PersistentStore/PersistentStore.json
2025-11-27 19:51:00,642 - Knowledge - INFO - [LLM_CALL] Completed: IDolby.h:chunk1, Duration: 118040ms, PromptTokens: 2216, CompletionTokens: 422, Cost: $0.00039
2025-11-27 19:51:00,643 - Knowledge - INFO - done ingest for /home/kathan/Kathan/Kavia_AI/New_Clone/graphnode-backend-api/data/b2c/12517/b7315ij/entservices-apis-12517/apis/PlayerInfo/IDolby.h
2025-11-27 19:51:01,357 - Knowledge - INFO - process ingested knowledge for /home/kathan/Kathan/Kavia_AI/New_Clone/graphnode-backend-api/data/b2c/12517/b7315ij/entservices-apis-12517/apis/PersistentStore/IStoreCache.h
2025-11-27 19:51:01,487 - Knowledge - INFO - process ingested knowledge for /home/kathan/Kathan/Kavia_AI/New_Clone/graphnode-backend-api/data/b2c/12517/b7315ij/entservices-apis-12517/apis/PersistentStore/IStore.h
2025-11-27 19:51:01,819 - Knowledge - INFO - process ingested knowledge for /home/kathan/Kathan/Kavia_AI/New_Clone/graphnode-backend-api/data/b2c/12517/b7315ij/entservices-apis-12517/apis/PersistentStore/IStore2.h
2025-11-27 19:51:02,285 - Knowledge - INFO - [LLM_CALL] Completed: IFrameRate.h:chunk1, Duration: 120697ms, PromptTokens: 3000, CompletionTokens: 528, Cost: $0.00051
2025-11-27 19:51:02,286 - Knowledge - INFO - done ingest for /home/kathan/Kathan/Kavia_AI/New_Clone/graphnode-backend-api/data/b2c/12517/b7315ij/entservices-apis-12517/apis/FrameRate/IFrameRate.h
2025-11-27 19:51:02,297 - Knowledge - INFO - process ingested knowledge for /home/kathan/Kathan/Kavia_AI/New_Clone/graphnode-backend-api/data/b2c/12517/b7315ij/entservices-apis-12517/apis/AmazonPrime/IAmazonPrime.h
2025-11-27 19:51:02,376 - Knowledge - INFO - process ingested knowledge for /home/kathan/Kathan/Kavia_AI/New_Clone/graphnode-backend-api/data/b2c/12517/b7315ij/entservices-apis-12517/apis/Module.cpp
2025-11-27 19:51:02,566 - Knowledge - INFO - process ingested knowledge for /home/kathan/Kathan/Kavia_AI/New_Clone/graphnode-backend-api/data/b2c/12517/b7315ij/entservices-apis-12517/apis/RDKShell/IFocus.h
2025-11-27 19:51:02,661 - Knowledge - INFO - process ingested knowledge for /home/kathan/Kathan/Kavia_AI/New_Clone/graphnode-backend-api/data/b2c/12517/b7315ij/entservices-apis-12517/apis/RDKShell/ICapture.h
2025-11-27 19:51:02,748 - Knowledge - INFO - process ingested knowledge for /home/kathan/Kathan/Kavia_AI/New_Clone/graphnode-backend-api/data/b2c/12517/b7315ij/entservices-apis-12517/apis/AppManager/IAppManager.h
2025-11-27 19:51:02,836 - Knowledge - INFO - process ingested knowledge for /home/kathan/Kathan/Kavia_AI/New_Clone/graphnode-backend-api/data/b2c/12517/b7315ij/entservices-apis-12517/apis/StateControl/StateControl.json
2025-11-27 19:51:03,887 - Knowledge - INFO - [LLM_CALL] Completed: IPlayerInfo.h:chunk1, Duration: 121170ms, PromptTokens: 2676, CompletionTokens: 375, Cost: $0.00042
2025-11-27 19:51:03,887 - Knowledge - INFO - done ingest for /home/kathan/Kathan/Kavia_AI/New_Clone/graphnode-backend-api/data/b2c/12517/b7315ij/entservices-apis-12517/apis/PlayerInfo/IPlayerInfo.h
2025-11-27 19:51:05,338 - Knowledge - INFO - [LLM_CALL] Completed: ILEDControl.h:chunk1, Duration: 123647ms, PromptTokens: 2354, CompletionTokens: 421, Cost: $0.00040
2025-11-27 19:51:05,339 - Knowledge - INFO - done ingest for /home/kathan/Kathan/Kavia_AI/New_Clone/graphnode-backend-api/data/b2c/12517/b7315ij/entservices-apis-12517/apis/LEDControl/ILEDControl.h
2025-11-27 19:51:09,742 - Knowledge - INFO - [LLM_CALL] Completed: IContentDecryption.h:chunk1, Duration: 128011ms, PromptTokens: 4916, CompletionTokens: 1105, Cost: $0.00093
2025-11-27 19:51:09,742 - Knowledge - INFO - done ingest for /home/kathan/Kathan/Kavia_AI/New_Clone/graphnode-backend-api/data/b2c/12517/b7315ij/entservices-apis-12517/apis/OpenCDMi/IContentDecryption.h
2025-11-27 19:51:10,563 - Knowledge - INFO - [WEBSOCKET] Sent: Type=progress_update, Size: 273, Duration: 0ms
2025-11-27 19:51:10,565 - Knowledge - INFO - [WEBSOCKET] Sent: Type=unknown, Size: ?, Duration: 2ms
2025-11-27 19:51:10,567 - Knowledge - INFO - Progress: 90.7% | Files: 311/343 | Rate: 2.39 files/sec | Queue: 0
2025-11-27 19:51:11,495 - Knowledge - INFO - Processing batch of 15 files
2025-11-27 19:51:11,501 - Knowledge - INFO - process ingested knowledge for /home/kathan/Kathan/Kavia_AI/New_Clone/graphnode-backend-api/data/b2c/12517/b7315ij/entservices-apis-12517/apis/FrameRate/IFrameRate.h
2025-11-27 19:51:11,834 - Knowledge - INFO - process ingested knowledge for /home/kathan/Kathan/Kavia_AI/New_Clone/graphnode-backend-api/data/b2c/12517/b7315ij/entservices-apis-12517/apis/LEDControl/ILEDControl.h
2025-11-27 19:51:11,867 - Knowledge - INFO - process ingested knowledge for /home/kathan/Kathan/Kavia_AI/New_Clone/graphnode-backend-api/data/b2c/12517/b7315ij/entservices-apis-12517/apis/LifecycleManager/ILifecycleManager.h
2025-11-27 19:51:12,079 - Knowledge - INFO - process ingested knowledge for /home/kathan/Kathan/Kavia_AI/New_Clone/graphnode-backend-api/data/b2c/12517/b7315ij/entservices-apis-12517/apis/LifecycleManager/ILifecycleManagerState.h
2025-11-27 19:51:12,338 - Knowledge - INFO - process ingested knowledge for /home/kathan/Kathan/Kavia_AI/New_Clone/graphnode-backend-api/data/b2c/12517/b7315ij/entservices-apis-12517/apis/XCast/IXCast.h
2025-11-27 19:51:12,487 - Knowledge - INFO - process ingested knowledge for /home/kathan/Kathan/Kavia_AI/New_Clone/graphnode-backend-api/data/b2c/12517/b7315ij/entservices-apis-12517/apis/TextTrack/ITextTrack.h
2025-11-27 19:51:12,883 - Knowledge - INFO - process ingested knowledge for /home/kathan/Kathan/Kavia_AI/New_Clone/graphnode-backend-api/data/b2c/12517/b7315ij/entservices-apis-12517/apis/TelemetryMetrics/ITelemetryMetrics.h
2025-11-27 19:51:12,962 - Knowledge - INFO - process ingested knowledge for /home/kathan/Kathan/Kavia_AI/New_Clone/graphnode-backend-api/data/b2c/12517/b7315ij/entservices-apis-12517/apis/entservices_errorcodes.h
2025-11-27 19:51:13,042 - Knowledge - INFO - Processing batch of 15 files
2025-11-27 19:51:13,053 - Knowledge - INFO - process ingested knowledge for /home/kathan/Kathan/Kavia_AI/New_Clone/graphnode-backend-api/data/b2c/12517/b7315ij/entservices-apis-12517/apis/OpenCDMi/IOCDM.h
2025-11-27 19:51:13,090 - Knowledge - INFO - process ingested knowledge for /home/kathan/Kathan/Kavia_AI/New_Clone/graphnode-backend-api/data/b2c/12517/b7315ij/entservices-apis-12517/apis/OpenCDMi/OCDM.json
2025-11-27 19:51:13,132 - Knowledge - INFO - process ingested knowledge for /home/kathan/Kathan/Kavia_AI/New_Clone/graphnode-backend-api/data/b2c/12517/b7315ij/entservices-apis-12517/apis/HdcpProfile/IHdcpProfile.h
2025-11-27 19:51:13,172 - Knowledge - INFO - process ingested knowledge for /home/kathan/Kathan/Kavia_AI/New_Clone/graphnode-backend-api/data/b2c/12517/b7315ij/entservices-apis-12517/apis/OpenCDMi/IContentDecryption.h
2025-11-27 19:51:13,281 - Knowledge - INFO - process ingested knowledge for /home/kathan/Kathan/Kavia_AI/New_Clone/graphnode-backend-api/data/b2c/12517/b7315ij/entservices-apis-12517/apis/TextToSpeech/ITextToSpeech.h
2025-11-27 19:51:13,332 - Knowledge - INFO - process ingested knowledge for /home/kathan/Kathan/Kavia_AI/New_Clone/graphnode-backend-api/data/b2c/12517/b7315ij/entservices-apis-12517/apis/Telemetry/ITelemetry.h
2025-11-27 19:51:13,374 - Knowledge - INFO - process ingested knowledge for /home/kathan/Kathan/Kavia_AI/New_Clone/graphnode-backend-api/data/b2c/12517/b7315ij/entservices-apis-12517/apis/StorageManager/IStorageManager.h
2025-11-27 19:51:13,399 - Knowledge - INFO - process ingested knowledge for /home/kathan/Kathan/Kavia_AI/New_Clone/graphnode-backend-api/data/b2c/12517/b7315ij/entservices-apis-12517/apis/OpenCDMi/IDRM.h
2025-11-27 19:51:13,495 - Knowledge - INFO - process ingested knowledge for /home/kathan/Kathan/Kavia_AI/New_Clone/graphnode-backend-api/data/b2c/12517/b7315ij/entservices-apis-12517/apis/UserSettings/IUserSettings.h
2025-11-27 19:51:13,511 - Knowledge - INFO - process ingested knowledge for /home/kathan/Kathan/Kavia_AI/New_Clone/graphnode-backend-api/data/b2c/12517/b7315ij/entservices-apis-12517/apis/ScreenCapture/IScreenCapture.h
2025-11-27 19:51:13,533 - Knowledge - INFO - process ingested knowledge for /home/kathan/Kathan/Kavia_AI/New_Clone/graphnode-backend-api/data/b2c/12517/b7315ij/entservices-apis-12517/apis/FrontPanel/IFrontPanel.h
2025-11-27 19:51:13,579 - Knowledge - INFO - process ingested knowledge for /home/kathan/Kathan/Kavia_AI/New_Clone/graphnode-backend-api/data/b2c/12517/b7315ij/entservices-apis-12517/apis/MiracastService/IMiracastService.h
2025-11-27 19:51:13,616 - Knowledge - INFO - process ingested knowledge for /home/kathan/Kathan/Kavia_AI/New_Clone/graphnode-backend-api/data/b2c/12517/b7315ij/entservices-apis-12517/apis/Monitor/Monitor.json
2025-11-27 19:51:13,663 - Knowledge - INFO - process ingested knowledge for /home/kathan/Kathan/Kavia_AI/New_Clone/graphnode-backend-api/data/b2c/12517/b7315ij/entservices-apis-12517/apis/Module.h
2025-11-27 19:51:13,704 - Knowledge - INFO - process ingested knowledge for /home/kathan/Kathan/Kavia_AI/New_Clone/graphnode-backend-api/data/b2c/12517/b7315ij/entservices-apis-12517/apis/Cobalt/IDictionary.h
2025-11-27 19:51:13,737 - Knowledge - INFO - [LLM_CALL] Completed: ILISA.h:chunk1, Duration: 131291ms, PromptTokens: 5222, CompletionTokens: 8000, Cost: $0.00372
2025-11-27 19:51:13,738 - Knowledge - ERROR - Failed to parse LLM response as JSON for /home/kathan/Kathan/Kavia_AI/New_Clone/graphnode-backend-api/data/b2c/12517/b7315ij/entservices-apis-12517/apis/LISA/ILISA.h, chunk 1
2025-11-27 19:51:13,738 - Knowledge - INFO - done ingest for /home/kathan/Kathan/Kavia_AI/New_Clone/graphnode-backend-api/data/b2c/12517/b7315ij/entservices-apis-12517/apis/LISA/ILISA.h
2025-11-27 19:51:13,798 - Knowledge - INFO - process ingested knowledge for /home/kathan/Kathan/Kavia_AI/New_Clone/graphnode-backend-api/data/b2c/12517/b7315ij/entservices-apis-12517/apis/Ids.h
2025-11-27 19:51:14,152 - Knowledge - INFO - process ingested knowledge for /home/kathan/Kathan/Kavia_AI/New_Clone/graphnode-backend-api/data/b2c/12517/b7315ij/entservices-apis-12517/apis/DeviceDiagnostics/IDeviceDiagnostics.h
2025-11-27 19:51:14,318 - Knowledge - INFO - process ingested knowledge for /home/kathan/Kathan/Kavia_AI/New_Clone/graphnode-backend-api/data/b2c/12517/b7315ij/entservices-apis-12517/apis/DTV/DTV.json
2025-11-27 19:51:14,399 - Knowledge - INFO - process ingested knowledge for /home/kathan/Kathan/Kavia_AI/New_Clone/graphnode-backend-api/data/b2c/12517/b7315ij/entservices-apis-12517/apis/LinearPlaybackControl/LinearPlaybackControl.json
2025-11-27 19:51:14,439 - Knowledge - INFO - process ingested knowledge for /home/kathan/Kathan/Kavia_AI/New_Clone/graphnode-backend-api/data/b2c/12517/b7315ij/entservices-apis-12517/apis/PlayerInfo/PlayerInfo.json
2025-11-27 19:51:14,616 - Knowledge - INFO - process ingested knowledge for /home/kathan/Kathan/Kavia_AI/New_Clone/graphnode-backend-api/data/b2c/12517/b7315ij/entservices-apis-12517/apis/PlayerInfo/IDolby.h
2025-11-27 19:51:14,660 - Knowledge - INFO - process ingested knowledge for /home/kathan/Kathan/Kavia_AI/New_Clone/graphnode-backend-api/data/b2c/12517/b7315ij/entservices-apis-12517/apis/PlayerInfo/IPlayerInfo.h
2025-11-27 19:51:15,522 - Knowledge - INFO - [LLM_CALL] Completed: IPowerManager.h:chunk1, Duration: 133124ms, PromptTokens: 8620, CompletionTokens: 833, Cost: $0.00120
2025-11-27 19:51:15,523 - Knowledge - INFO - done ingest for /home/kathan/Kathan/Kavia_AI/New_Clone/graphnode-backend-api/data/b2c/12517/b7315ij/entservices-apis-12517/apis/PowerManager/IPowerManager.h
2025-11-27 19:51:17,419 - Knowledge - INFO - [LLM_CALL] Completed: IPackageManager.h:chunk1, Duration: 134683ms, PromptTokens: 4226, CompletionTokens: 892, Cost: $0.00078
2025-11-27 19:51:17,419 - Knowledge - INFO - done ingest for /home/kathan/Kathan/Kavia_AI/New_Clone/graphnode-backend-api/data/b2c/12517/b7315ij/entservices-apis-12517/apis/PackageManager/IPackageManager.h
2025-11-27 19:51:18,432 - Knowledge - INFO - [WEBSOCKET] Sent: Type=progress_update, Size: 274, Duration: 0ms
2025-11-27 19:51:18,440 - Knowledge - INFO - [WEBSOCKET] Sent: Type=unknown, Size: ?, Duration: 8ms
2025-11-27 19:51:18,440 - Knowledge - INFO - Progress: 95.6% | Files: 328/343 | Rate: 2.38 files/sec | Queue: 0
2025-11-27 19:51:18,758 - Knowledge - INFO - [LLM_CALL] Completed: IUSBDevice.h:chunk1, Duration: 137101ms, PromptTokens: 3810, CompletionTokens: 611, Cost: $0.00063
2025-11-27 19:51:18,758 - Knowledge - INFO - done ingest for /home/kathan/Kathan/Kavia_AI/New_Clone/graphnode-backend-api/data/b2c/12517/b7315ij/entservices-apis-12517/apis/USBDevice/IUSBDevice.h
2025-11-27 19:51:19,961 - Knowledge - INFO - [LLM_CALL] Completed: IMiracastPlayer.h:chunk1, Duration: 138383ms, PromptTokens: 4522, CompletionTokens: 512, Cost: $0.00066
2025-11-27 19:51:19,961 - Knowledge - INFO - done ingest for /home/kathan/Kathan/Kavia_AI/New_Clone/graphnode-backend-api/data/b2c/12517/b7315ij/entservices-apis-12517/apis/MiracastPlayer/IMiracastPlayer.h
2025-11-27 19:51:21,276 - Knowledge - INFO - [LLM_CALL] Completed: IApplication.h:chunk1, Duration: 139505ms, PromptTokens: 2430, CompletionTokens: 435, Cost: $0.00042
2025-11-27 19:51:21,276 - Knowledge - INFO - done ingest for /home/kathan/Kathan/Kavia_AI/New_Clone/graphnode-backend-api/data/b2c/12517/b7315ij/entservices-apis-12517/apis/WebKitBrowser/IApplication.h
2025-11-27 19:51:21,300 - Knowledge - INFO - Processing batch of 15 files
2025-11-27 19:51:21,300 - Knowledge - INFO - process ingested knowledge for /home/kathan/Kathan/Kavia_AI/New_Clone/graphnode-backend-api/data/b2c/12517/b7315ij/entservices-apis-12517/apis/MiracastPlayer/IMiracastPlayer.h
2025-11-27 19:51:21,302 - Knowledge - INFO - process ingested knowledge for /home/kathan/Kathan/Kavia_AI/New_Clone/graphnode-backend-api/data/b2c/12517/b7315ij/entservices-apis-12517/apis/USBDevice/IUSBDevice.h
2025-11-27 19:51:21,303 - Knowledge - INFO - process ingested knowledge for /home/kathan/Kathan/Kavia_AI/New_Clone/graphnode-backend-api/data/b2c/12517/b7315ij/entservices-apis-12517/apis/WebKitBrowser/IApplication.h
2025-11-27 19:51:21,304 - Knowledge - INFO - process ingested knowledge for /home/kathan/Kathan/Kavia_AI/New_Clone/graphnode-backend-api/data/b2c/12517/b7315ij/entservices-apis-12517/apis/WebKitBrowser/Browser.json
2025-11-27 19:51:21,305 - Knowledge - INFO - process ingested knowledge for /home/kathan/Kathan/Kavia_AI/New_Clone/graphnode-backend-api/data/b2c/12517/b7315ij/entservices-apis-12517/apis/WebKitBrowser/IMemory.h
2025-11-27 19:51:21,307 - Knowledge - INFO - process ingested knowledge for /home/kathan/Kathan/Kavia_AI/New_Clone/graphnode-backend-api/data/b2c/12517/b7315ij/entservices-apis-12517/apis/WebKitBrowser/WebKitBrowser.json
2025-11-27 19:51:21,308 - Knowledge - INFO - process ingested knowledge for /home/kathan/Kathan/Kavia_AI/New_Clone/graphnode-backend-api/data/b2c/12517/b7315ij/entservices-apis-12517/apis/WebKitBrowser/CookieJar.json
2025-11-27 19:51:21,309 - Knowledge - INFO - process ingested knowledge for /home/kathan/Kathan/Kavia_AI/New_Clone/graphnode-backend-api/data/b2c/12517/b7315ij/entservices-apis-12517/apis/WebKitBrowser/IBrowser.h
2025-11-27 19:51:21,311 - Knowledge - INFO - process ingested knowledge for /home/kathan/Kathan/Kavia_AI/New_Clone/graphnode-backend-api/data/b2c/12517/b7315ij/entservices-apis-12517/apis/SystemAudioPlayer/ISystemAudioPlayer.h
2025-11-27 19:51:21,312 - Knowledge - INFO - process ingested knowledge for /home/kathan/Kathan/Kavia_AI/New_Clone/graphnode-backend-api/data/b2c/12517/b7315ij/entservices-apis-12517/apis/PowerManager/IPowerManager.h
2025-11-27 19:51:21,314 - Knowledge - INFO - process ingested knowledge for /home/kathan/Kathan/Kavia_AI/New_Clone/graphnode-backend-api/data/b2c/12517/b7315ij/entservices-apis-12517/apis/LISA/ILISA.h
2025-11-27 19:51:21,315 - Knowledge - INFO - process ingested knowledge for /home/kathan/Kathan/Kavia_AI/New_Clone/graphnode-backend-api/data/b2c/12517/b7315ij/entservices-apis-12517/apis/LISA/LISA.json
2025-11-27 19:51:21,317 - Knowledge - INFO - process ingested knowledge for /home/kathan/Kathan/Kavia_AI/New_Clone/graphnode-backend-api/data/b2c/12517/b7315ij/entservices-apis-12517/apis/PackageManager/IAppPackageManager.h
2025-11-27 19:51:21,318 - Knowledge - INFO - process ingested knowledge for /home/kathan/Kathan/Kavia_AI/New_Clone/graphnode-backend-api/data/b2c/12517/b7315ij/entservices-apis-12517/apis/PackageManager/IPackageManager.h
2025-11-27 19:51:21,320 - Knowledge - INFO - process ingested knowledge for /home/kathan/Kathan/Kavia_AI/New_Clone/graphnode-backend-api/data/b2c/12517/b7315ij/entservices-apis-12517/apis/PackageManager/README.md
2025-11-27 19:51:21,568 - Knowledge - INFO - [WEBSOCKET] Sent: Type=progress_update, Size: 271, Duration: 0ms
2025-11-27 19:51:21,569 - Knowledge - INFO - [WEBSOCKET] Sent: Type=unknown, Size: ?, Duration: 1ms
2025-11-27 19:51:21,569 - Knowledge - INFO - Progress: 100.0% | Files: 343/343 | Rate: 2.42 files/sec | Queue: 0
2025-11-27 19:51:21,569 - Knowledge - INFO - Knowledge creation complete
2025-11-27 19:51:21,570 - Knowledge - INFO - ==================================================
2025-11-27 19:51:21,570 - Knowledge - INFO - KNOWLEDGE GRAPH GENERATION PERFORMANCE SUMMARY
2025-11-27 19:51:21,570 - Knowledge - INFO - ==================================================
2025-11-27 19:51:21,570 - Knowledge - INFO - Total processing time: 141.50 seconds (2.36 minutes)
2025-11-27 19:51:21,570 - Knowledge - INFO - Files processed: 0
2025-11-27 19:51:21,570 - Knowledge - INFO - Processing rate: 0.00 files/second
2025-11-27 19:51:21,570 - Knowledge - INFO - 
[TIME_BREAKDOWN]
2025-11-27 19:51:21,571 - Knowledge - INFO - File Reading: 0.00s (0.0%)
2025-11-27 19:51:21,571 - Knowledge - INFO - LLM Processing: 4163.28s (2942.3%)
2025-11-27 19:51:21,571 - Knowledge - INFO - MongoDB Operations: 0.00s (0.0%)
2025-11-27 19:51:21,571 - Knowledge - INFO - Redis Operations: 0.00s (0.0%)
2025-11-27 19:51:21,571 - Knowledge - INFO - WebSocket Communication: 0.05s (0.0%)
2025-11-27 19:51:21,572 - Knowledge - INFO - 
[LLM_STATS]
2025-11-27 19:51:21,572 - Knowledge - INFO - Total LLM calls: 54
2025-11-27 19:51:21,572 - Knowledge - INFO - Average LLM response time: 77098ms
2025-11-27 19:51:21,572 - Knowledge - INFO - Average prompt tokens: 5056.1
2025-11-27 19:51:21,572 - Knowledge - INFO - Average completion tokens: 845.1
2025-11-27 19:51:21,573 - Knowledge - INFO - Total prompt tokens: 273030
2025-11-27 19:51:21,573 - Knowledge - INFO - Total completion tokens: 45633
2025-11-27 19:51:21,573 - Knowledge - INFO - Total LLM cost: $0.0456
2025-11-27 19:51:21,573 - Knowledge - INFO - 
[DATABASE_STATS]
2025-11-27 19:51:21,573 - Knowledge - INFO - MongoDB operations: 0
2025-11-27 19:51:21,573 - Knowledge - INFO - Redis operations: 0
2025-11-27 19:51:21,574 - Knowledge - INFO - 
[COMMUNICATION_STATS]
2025-11-27 19:51:21,574 - Knowledge - INFO - WebSocket messages sent: 22
2025-11-27 19:51:21,574 - Knowledge - INFO - Average message size: 136.6 bytes
2025-11-27 19:51:21,574 - Knowledge - INFO - 
[WORKER_STATS]
2025-11-27 19:51:21,574 - Knowledge - INFO - 
[FILE_TYPE_STATS]
2025-11-27 19:51:21,574 - Knowledge - INFO - 
[SLOWEST_FILES]
2025-11-27 19:51:21,575 - Knowledge - INFO - ==================================================
2025-11-27 19:51:21,575 - Knowledge - INFO - ==================================================
2025-11-27 19:51:21,575 - Knowledge - INFO - KNOWLEDGE GRAPH GENERATION PERFORMANCE SUMMARY
2025-11-27 19:51:21,575 - Knowledge - INFO - ==================================================
2025-11-27 19:51:21,575 - Knowledge - INFO - Total processing time: 141.51 seconds (2.36 minutes)
2025-11-27 19:51:21,576 - Knowledge - INFO - Files processed: 343 of 343
2025-11-27 19:51:21,576 - Knowledge - INFO - Processing rate: 2.42 files/second
2025-11-27 19:51:21,576 - Knowledge - INFO - WebSocket messages sent: 11
2025-11-27 19:51:21,576 - Knowledge - INFO - MongoDB operations: 343
2025-11-27 19:51:21,576 - Knowledge - INFO - Average MongoDB ops per file: 1.00
2025-11-27 19:51:21,577 - Knowledge - INFO - LLM costs: $0.0456
2025-11-27 19:51:21,577 - Knowledge - INFO - Prompt tokens: 273030
2025-11-27 19:51:21,577 - Knowledge - INFO - Completion tokens: 45633
2025-11-27 19:51:21,578 - Knowledge - INFO - Updating org costs, total cost: 0.04555619999999999
2025-11-27 19:51:29,727 - Knowledge - INFO - [WEBSOCKET] Sent: Type=progress_update, Size: 268, Duration: 0ms
2025-11-27 19:51:29,728 - Knowledge - INFO - Saving knowledge to Redis...
2025-11-27 19:51:29,767 - Knowledge - INFO - Knowledge saved to Redis successfully
